mz_rt,weight,log2FC,tstat,pval,padj,abs_weight,neglog10_padj
722.4639735_517.107,0.1552313255668375,1.0700263542681467,9.21173204456634,1.624583108863797e-10,6.620176168619974e-08,0.1552313255668375,7.179130453454326
909.5374666_448.293,0.1420115598382676,1.0651300833848043,8.607108724348473,7.774742877238167e-10,1.5841038612372766e-07,0.1420115598382676,6.80021634744128
793.5384616_370.5865,0.1409857103735808,0.7965723152175466,9.216559898051765,1.604707973525015e-10,6.620176168619974e-08,0.1409857103735808,7.179130453454326
933.5381326_449.5565,0.1363259479087183,1.0306203729237946,8.989929060906425,2.8692940976405926e-10,7.79491563192361e-08,0.1363259479087183,7.108188581025276
834.5534523_401.558,0.135182775129904,1.1025497970106506,8.345542563036668,1.5530542866573086e-09,2.531478487251413e-07,0.135182775129904,6.596625758937895
877.6314145_553.648,0.1328054259467608,0.8222812671765997,8.08147908545048,3.1503538682235672e-09,4.2792306710036794e-07,0.1328054259467608,6.36863430233497
867.5377864_460.837,0.1315806967307912,0.8609955391079683,7.070621203183552,5.098884589452435e-08,4.741532085481059e-06,0.1315806967307912,5.324081306266771
720.4484364_220.315,0.1261446610177812,0.6167223087580629,7.671650401119165,9.603554109155446e-09,1.1181280855659555e-06,0.1261446610177812,5.951508443615734
456.2015928_95.0881,0.1229695363608714,0.9836431995180231,6.906709918282184,8.09225239770724e-08,5.495988086776167e-06,0.1229695363608714,5.259954217333692
905.6624585_599.528,0.1225106776733056,0.857331630918418,7.011532804946705,6.020809537218366e-08,4.866591710727586e-06,0.1225106776733056,5.312775087949216
694.4324226_507.648,0.1222399120900084,0.8343718405637701,6.803728614793718,1.0831070129027521e-07,6.7902478116595605e-06,0.1222399120900084,5.168114375753017
754.4914151_257.788,0.1170795820859167,0.6021676629939409,6.209537549532343,5.925960901495863e-07,2.6831434081772935e-05,0.1170795820859167,4.571356114612583
852.5618728_482.6335,0.1144663675616011,0.7188251808031512,5.482859184279709,4.8738835674466475e-06,0.0001588886042987,0.1144663675616011,3.7989072498515597
878.5699182_483.2195,0.1137184592696659,1.5497907452188877,6.980633574065443,6.568405989939075e-08,4.866591710727586e-06,0.1137184592696659,5.312775087949216
750.4583388_157.074,0.1118149567721685,0.8076227019635943,5.717864055713374,2.46035008860281e-06,8.718197053092566e-05,0.1118149567721685,4.059573319064196
711.4317479_243.7275,0.1112458264477255,1.1185978416959812,6.590131314896578,1.9887676425496362e-07,1.1577468776271096e-05,0.1112458264477255,4.936386381598284
957.5435099_440.173,0.1092148063381037,0.7065373474366562,6.256918560794618,5.169917979134896e-07,2.6334269706218377e-05,0.1092148063381037,4.579478720859081
821.5697286_440.239,0.1090337656503413,0.6050480196324369,6.416558017166438,3.267827773640484e-07,1.7755197570113293e-05,0.1090337656503413,4.750674490744365
902.5794399_509.7355,0.1078005656419988,0.7511857113381027,7.061175353914657,5.236047701758226e-08,4.741532085481059e-06,0.1078005656419988,5.324081306266771
708.4477359_406.021,0.1057658727917074,0.7154960238990501,5.124611164310153,1.3830827532786863e-05,0.0004174860903415,0.1057658727917074,3.379357989614067
794.5230304_314.3895,0.1051225147653272,0.6032417476564278,4.754531068465491,4.050513871568938e-05,0.0011003896017762,0.1051225147653272,2.9584535221650827
568.3259661_141.257,0.1038458475896606,0.84870751560868,4.9044590247620095,2.62273835788741e-05,0.00073707991782,0.1038458475896606,3.1324854212500868
684.4115898_214.242,0.1009122470876054,0.5028361306967555,6.1468197782878295,7.100935099906899e-07,3.045927424433749e-05,0.1009122470876054,4.516280448847463
624.390218_177.9295,0.0998218709193681,0.5084106871740753,4.976737461652118,2.126146579358483e-05,0.0006188605222061,0.0998218709193681,3.20840722054662
754.469155_226.6915,0.0981868785272501,1.2045921674225617,5.4314742681140995,5.660376797916456e-06,0.0001774310419346,0.0981868785272501,3.7509703971224373
729.3858183_153.916,0.0956138907446739,0.6714740384106148,4.421735897758085,0.0001056969941115,0.0026103954606325,0.0956138907446739,2.583293694439294
824.5325615_439.411,0.095096947739866,0.9294760501615804,5.864561871090653,1.6070474417260096e-06,6.236874595269989e-05,0.095096947739866,4.205032988212743
698.4264051_216.154,0.0942576527389921,0.4409140859820346,6.001556556147658,1.080554141627166e-06,4.403258127130702e-05,0.0942576527389921,4.356225854648905
698.4282958_173.568,0.0924054063566163,0.5620900525979148,4.273193832179743,0.0001616167222467,0.0035599359089487,0.0924054063566163,2.4485578207463594
726.4589083_160.355,0.0922523180847139,0.7132692154867867,4.334004916522163,0.0001358689486839,0.0031638055193549,0.0922523180847139,2.4997902206443063
740.4749035_242.3805,0.0920340296073945,0.59459518984529,5.726704225480991,2.397955996358199e-06,8.718197053092566e-05,0.0920340296073945,4.059573319064196
824.532344_453.327,0.0915654551674053,0.838742666001595,6.227134348693629,5.632967719688816e-07,2.6831434081772935e-05,0.0915654551674053,4.571356114612583
680.4159666_404.923,0.0911235958335715,0.8074679869803577,4.566690218380766,6.968212959308228e-05,0.0017747167380738,0.0911235958335715,2.7508709546700008
666.4009892_220.2395,0.0896370844952329,0.4265788208498914,5.558631622961643,3.909287270917052e-06,0.0001327528802415,0.0896370844952329,3.8769560475766607
666.4268753_149.834,0.089216679184599,0.7379042686469527,4.28230057343586,0.0001574752921734,0.0035599359089487,0.089216679184599,2.4485578207463594
766.490151_231.565,0.0874241647058156,0.418506650705103,3.738317590173064,0.000726065747606,0.0134487178249748,0.0874241647058156,1.8713191184929143
607.4743317_215.142,-0.0872849722574139,-0.974700690073543,-3.873095809161869,0.0004995832166998,0.0101790080402595,0.0872849722574139,1.9922945425918015
762.4953161_510.524,0.0850243785647187,0.8099675890551593,4.678414530088713,5.047989021423774e-05,0.0013271325975678,0.0850243785647187,2.8770856833788923
862.584842_452.5675,0.083955637091121,0.6106052655518128,3.9366544871655527,0.000418321029396,0.0089718852357312,0.083955637091121,2.0471162903507096
610.3747152_172.583,0.0809510588072428,0.5245233488095917,3.882685308452194,0.0004864031135885,0.0101645778865302,0.0809510588072428,1.9929106519848307
626.5495369_654.8055,0.0802478816055256,1.1022728870094929,3.22616041422808,0.0028911277838227,0.0392711523969257,0.0802478816055256,1.4059263543373606
875.5100661_480.0665,-0.0798108722141647,-0.2045423490956984,-3.630771537295451,0.0009757649737533,0.0169201798640212,0.0798108722141647,1.7715950246577095
570.4863755_567.1875,0.0787668261469808,2.5862362808089574,3.199726187026362,0.0030987391524304,0.0407334259553357,0.0787668261469808,1.3900490612882792
598.5186486_613.122,0.0773265369258043,1.2790445920173314,3.108221380908371,0.0039327598344915,0.0480101597847025,0.0773265369258043,1.3186668486340605
678.4007667_164.875,0.0756057838480376,0.5340376311313706,3.643642356013842,0.0009419798921981,0.0166894263509025,0.0756057838480376,1.777558590637658
620.5384658_613.7205,0.0750719797391851,1.175053592110175,3.008766584710046,0.0050796698957488,0.0551990795338043,0.0750719797391851,1.258068164240413
654.5809378_691.186,0.0748369653808328,1.327923964269231,2.965770612389802,0.0056678771235464,0.0598537158593377,0.0748369653808328,1.2229088823985679
648.5708171_655.0725,0.0745491489117327,0.9800758741973408,2.955592708845685,0.0058162436445964,0.0600030198777985,0.0745491489117327,1.2218268915620254
917.5423671_435.7615,0.0739794376082285,0.5848620834705001,3.445944346374029,0.0016113493644145,0.0260373943852657,0.0739794376082285,1.5844024786568465
656.379988_139.761,0.0738976737870263,0.4777118394376639,3.424032389738529,0.0017090901235772,0.0260373943852657,0.0738976737870263,1.5844024786568465
826.5994694_215.421,-0.0725869552778293,-0.5471626763730737,-3.4205420417399184,0.0017251770512936,0.0260373943852657,0.0725869552778293,1.5844024786568465
670.3950041_141.477,0.0699688523475748,0.4243688979154406,3.832750600924593,0.0005589546463865,0.0111109277269519,0.0699688523475748,1.9542496773440339
907.5426602_494.59,-0.0694576720766416,-0.3786089886911896,-3.4404240308509166,0.001635453402445,0.0260373943852657,0.0694576720766416,1.5844024786568465
630.5622213_690.8145,0.068063302175305,0.7950575176222258,2.82356273050407,0.0081041877588133,0.0750558298117375,0.068063302175305,1.1246155691537263
662.5874158_655.0745,0.0624864544784669,0.7436033212349954,2.4907516659637876,0.0181271719350693,0.1231137093923463,0.0624864544784669,0.909693583283685
860.5594541_446.582,0.0618151887079566,0.5891373491071727,3.7625840441730025,0.0006789850655496,0.0128691355447204,0.0618151887079566,1.8904506248723634
777.4954103_470.1775,-0.0614570042112855,-0.1896492257454983,-3.7024275571643135,0.0008015640949303,0.0145172163859606,0.0614570042112855,1.8381166497592818
718.6374924_711.8785,-0.0601973477136087,-0.3933791077736272,-3.505577967144132,0.001371856647582,0.0232929826620693,0.0601973477136087,1.6327748965774
736.6864052_777.33,-0.0594080811793448,-0.3721580271506721,-4.392824510362245,0.0001148266983287,0.0027524635040558,0.0594080811793448,2.5602784307911817
883.7084644_701.245,-0.0594041422768011,-0.3908956962881865,-3.1644969524854387,0.0033976250931296,0.0426009915523179,0.0594041422768011,1.3705802924304111
1173.763495_553.015,-0.0588432263923316,-0.3066582090167363,-2.8879718349970345,0.0068989580422748,0.068010997782233,0.0588432263923316,1.167420853618175
776.5236222_504.566,0.0582823336390266,0.3993281602741559,2.504319480850538,0.0175584045005398,0.1223085441704268,0.0582823336390266,0.9125432031725769
437.2588803_190.212,0.0578603636995201,0.5780823282920694,2.664386159071717,0.0119801856649756,0.096713664070032,0.0578603636995201,1.0145121628250613
798.5155464_442.974,0.0577098138646402,0.8242264417677975,2.45270615283482,0.0198133066665661,0.1302245559133176,0.0577098138646402,0.8853071149067799
789.4505505_299.418,-0.0575254890360378,-0.3834391772551917,-2.594850596740263,0.0141639465350576,0.1076912726199962,0.0575254890360378,0.9678194908204532
783.4337557_299.4145,-0.0574005577348366,-0.297783580888345,-2.4942404767903463,0.0179793278977274,0.1231137093923463,0.0574005577348366,0.909693583283685
817.5467125_483.895,-0.0571549254593696,-0.715950156053567,-3.7870763749262593,0.0006344823682866,0.0123119792893714,0.0571549254593696,1.9096721237255772
822.5822389_623.724,0.0565644845043295,0.1847874389387958,2.656233985869769,0.0122189972099201,0.096713664070032,0.0565644845043295,1.0145121628250613
580.4001156_268.644,-0.0557983166054006,-0.3271146029901093,-3.017381343792617,0.0049689789227513,0.0547259165140855,0.0557983166054006,1.2618069564173744
823.6310787_664.185,0.0557069368658282,0.1060744119039395,2.591710658521752,0.0142707453287847,0.1076912726199962,0.0557069368658282,0.9678194908204532
559.4747325_230.159,-0.0551843741881225,-0.5293607723174545,-2.241341195425753,0.0320692503298113,0.1782826046210547,0.0551843741881225,0.7488910297110097
581.4567801_230.117,-0.0551153515574436,-0.4263129361209512,-2.1287487964241705,0.0410694834115289,0.2040952986609518,0.0551153515574436,0.6901669991502797
712.4432441_190.82,0.0548313247509356,0.5162795970125265,2.2285840536129258,0.0329916396295034,0.1804576261613777,0.0548313247509356,0.7436247598786736
624.4185457_371.689,-0.0547754477115182,-0.470320128212861,-2.5533601482288875,0.015636545680781,0.1150709865408179,0.0547754477115182,0.9390341635430254
855.5122482_470.143,-0.0546220603025748,-0.1731515541148791,-3.2121665844941996,0.0029993201961742,0.0400728845882297,0.0546220603025748,1.3971493943863529
613.5242986_299.418,-0.0541028941989946,-0.4938042844127686,-2.5523997817737367,0.0156722447926758,0.1150709865408179,0.0541028941989946,0.9390341635430254
826.5615005_512.8285,0.0534727943809774,0.2953447093562525,2.9150240418081284,0.0064448218352189,0.0656566224462929,0.0534727943809774,1.1827214623113103
766.5409282_512.019,0.0534108130206046,0.4756270701411177,3.2973216161077374,0.0023962410733763,0.0348738656214587,0.0534108130206046,1.457499910237438
863.5681801_551.0675,0.0522585500605838,0.2589604621883674,3.284730788363979,0.0024774507806441,0.0354231997583328,0.0522585500605838,1.4507122117901317
726.5480898_596.771,0.0519835930154748,0.3652323078083627,2.6561084672474977,0.0122227084652923,0.096713664070032,0.0519835930154748,1.0145121628250613
722.6696692_766.638,-0.0507926535704931,-0.2343801944957183,-3.177909836328273,0.003280725919616,0.041777994132611,0.0507926535704931,1.3790524154339987
889.6210461_665.035,0.0507882096455156,0.149781520880474,2.3435725679333705,0.0254752151992773,0.1561075217098576,0.0507882096455156,0.8065761708748895
720.6451496_712.629,-0.0507244997095507,-0.3067119119019083,-2.2483497530767194,0.0315724152982051,0.1774587480554287,0.0507244997095507,0.7509025866880169
849.5991525_623.843,0.0506999167603455,0.1734322816493497,2.310543880978798,0.0274576150255913,0.1598425446132636,0.0506999167603455,0.7963076153123966
648.6331131_719.314,-0.0502487690281903,-0.6714181489539495,-3.3805850561316726,0.0019200341179753,0.0284514146572718,0.0502487690281903,1.5458961348023839
794.5015192_462.457,0.05010400497242,0.4829091415324155,3.230588384062128,0.0028576769077342,0.0392711523969257,0.05010400497242,1.4059263543373606
710.670423_762.6835,-0.0498721008187345,-0.4324326707743513,-2.392972364586092,0.0227515676927209,0.1437405245702913,0.0498721008187345,0.8424207745511565
480.309807_142.447,-0.049869134530715,-0.273230848712033,-2.1956965548432934,0.0354801056316348,0.1856146160074469,0.049869134530715,0.7313878287558644
823.5854466_623.9275,0.0497997743889981,0.1648729433750681,2.6479047119622403,0.0124675517007991,0.0977024484245317,0.0497997743889981,1.0100945527199194
771.5195685_469.906,-0.0494555722197552,-0.2680049186872857,-2.7229734670086527,0.0103873246220546,0.091422542726811,0.0494555722197552,1.038946703886044
1035.667136_142.74,-0.0493447078178998,-0.2863123862306379,-1.9124449863660995,0.0648058861602241,0.2774510509035523,0.0493447078178998,0.5568136258660366
873.6001973_604.262,0.0489526698095959,0.4141823308034645,3.0429125073402985,0.0046541888349796,0.0519611493220329,0.0489526698095959,1.28432125138853
680.6217632_671.848,-0.0486608393275802,-0.3018271789218238,-2.4177445040397187,0.0214879505788562,0.1389895216013322,0.0486608393275802,0.8570179399060127
710.6247689_736.595,-0.0484434737743879,-0.3544653910671946,-2.744168106371981,0.0098613780656664,0.0883189354232762,0.0484434737743879,1.0539461744720227
953.5382747_515.8325,-0.0483601204284003,-0.105680006793121,-2.96159346941469,0.0057283310883783,0.0598537158593377,0.0483601204284003,1.2229088823985679
692.6137842_680.59,-0.0481394362977787,-0.2726320525863832,-2.6936426504325257,0.0111583610530133,0.0937532397753182,0.0481394362977787,1.028013715683099
908.639557_644.363,0.047931970877169,0.3070137505573264,2.622756044258443,0.0132467377597709,0.1018499176812575,0.047931970877169,0.9920393176759925
923.6663137_670.1235,-0.0478758222281975,-0.2495823565814673,-2.5361804899845386,0.0162866042098529,0.1166685696829047,0.0478758222281975,0.9330461264032949
955.5438678_515.77,-0.0477836872634035,-0.1081753503325723,-2.482092046216387,0.0184989668156697,0.1246004789650484,0.0477836872634035,0.9044802882428384
941.6981486_715.019,-0.0476402891416329,-0.2301654922443242,-2.6952514882797427,0.0111147248722339,0.0937532397753182,0.0476402891416329,1.028013715683099
706.637785_722.836,-0.047512600447487,-0.3917627711765504,-3.185110174007584,0.0032195639585148,0.0416499147014226,0.047512600447487,1.3803858836867113
850.5526003_485.486,0.0472349715886901,0.3072502023616361,2.7666126931773967,0.0093315649984389,0.0845025052636418,0.0472349715886901,1.0731304152391032
846.5822897_603.5555,0.0471454594990916,0.1575263563342231,3.046920035556517,0.0046065272249088,0.0519611493220329,0.0471454594990916,1.28432125138853
844.5911272_576.6665,-0.0467131859213927,-0.218008999753567,-2.10974983860441,0.0427920014552132,0.2088352166826272,0.0467131859213927,0.6801962627517396
585.4882603_299.416,-0.0466090031381205,-0.4147981587258243,-2.082963657647522,0.0453291123325836,0.2135446621448303,0.0466090031381205,0.6705112799150711
708.653802_752.849,-0.0465247998681166,-0.2315100951333181,-3.4230497887798785,0.0017136042451157,0.0260373943852657,0.0465247998681166,1.5844024786568465
331.2648783_287.446,-0.0464393300297794,-0.3598602511802131,-2.1806465972629647,0.0366738195793531,0.187982156963351,0.0464393300297794,0.7258833714816101
700.6036242_689.766,-0.0463635905306832,-0.1946854623451417,-2.707108339585272,0.0107979959300174,0.0926590110968147,0.0463635905306832,1.0331123391154697
930.8527467_848.2505,-0.0459840392206583,-0.3020867511046321,-1.8597126842035403,0.0721407556633227,0.2939735793280402,0.0459840392206583,0.5316916997499161
952.8378156_813.081,-0.0457968409910662,-0.2128887779174594,-2.535333578556502,0.0163192845936823,0.1166685696829047,0.0457968409910662,0.9330461264032949
409.2366206_139.727,-0.0457161482515764,-0.2665072242998547,-1.8354640897010692,0.0757459578492404,0.2996745419763639,0.0457161482515764,0.5233501497764101
327.2334131_220.233,-0.0456872973008331,-0.9728216950660676,-2.0576882280245337,0.0478439471543844,0.2228160967475617,0.0456872973008331,0.6520534379322253
887.6064927_632.9575,0.0454045605612322,0.1093726206807686,2.6832266141090826,0.011444749424095,0.0942168765720957,0.0454045605612322,1.0258712973593855
684.6082772_719.041,-0.0445921488404581,-0.5155979361960916,-2.831712213435141,0.0079414573763509,0.0749658001596889,0.0445921488404581,1.1251368191333924
874.7906834_805.1565,-0.0445886836232406,-0.2821752492154787,-2.3493169313416584,0.0251439760250232,0.1561075217098576,0.0445886836232406,0.8065761708748895
634.4479772_425.7605,-0.0444449475082902,-0.2005350415020866,-3.045860148498142,0.0046190872833155,0.0519611493220329,0.0444449475082902,1.28432125138853
597.3061905_114.3,0.044245451927342,0.265470605059208,2.158522464825032,0.0384936909627368,0.1948593672958418,0.044245451927342,0.7102787119287182
700.6407914_762.795,-0.0442181062323338,-0.3883536450366906,-2.190496898169689,0.0358885436746192,0.1863004018778007,0.0442181062323338,0.7297862082646646
859.6946593_817.4115,-0.044162004013454,-0.2736821075423085,-1.6879949025322096,0.1011367567210962,0.358469962205206,0.044162004013454,0.44554722994059404
612.3326077_105.2745,-0.0439457990330241,-0.3170181110235838,-2.7070040946871283,0.010800743624782,0.0926590110968147,0.0439457990330241,1.0331123391154697
886.5836789_459.4425,0.0438566352229902,0.3448413451664671,2.165828937322091,0.0378839781300395,0.1929715135998888,0.0438566352229902,0.7145067966889637
750.7007838_790.072,-0.0438473854498457,-0.2029208291632691,-2.491265621782592,0.0181053224352119,0.1231137093923463,0.0438473854498457,0.909693583283685
810.6777457_670.471,-0.0437383506496534,-0.2283977342397903,-2.639915167076868,0.0127103655228163,0.0986566466770981,0.0437383506496534,1.0058736502197345
865.642112_648.0895,0.0430012839654799,0.3980345528266966,2.8476984751840586,0.0076311019367281,0.0731688009227462,0.0430012839654799,1.1356740620487673
724.6860912_775.3875,-0.0429786495757111,-0.2697342569967503,-2.6855752052709967,0.0113795848044715,0.0942168765720957,0.0429786495757111,1.0258712973593855
875.6175105_634.2,0.042950240842553,0.2205875367573773,2.2370730365899125,0.0323752459925351,0.1782826046210547,0.042950240842553,0.7488910297110097
855.6801889_670.665,-0.0428385889932435,-0.2060736961244653,-2.88162830429545,0.0070097224708068,0.068010997782233,0.0428385889932435,1.167420853618175
740.6636429_766.8065,-0.0427433818323327,-0.1978932309566953,-2.32397879161952,0.0266350028642641,0.1573274545276519,0.0427433818323327,0.8031954839281684
255.233076_283.2495,-0.0422782603946663,-0.2496687506033616,-1.8817980971014936,0.0689862196117729,0.2868559642020151,0.0422782603946663,0.5423361159990877
873.6345455_638.623,-0.0421290663842511,-0.5426530812065663,-3.078486769286779,0.0042469581703273,0.0509010427767178,0.0421290663842511,1.2932733204621505
309.2803886_388.231,-0.0420661810606994,-0.3155663143627064,-2.1394046691633952,0.0401305473076242,0.2018913336772456,0.0420661810606994,0.6948823230421455
339.3271802_537.2455,0.0418208566314818,0.4471265852235107,1.815237228571231,0.0788699528673163,0.3055357964508687,0.0418208566314818,0.5149379006739471
830.5941772_676.03,0.0417631355225687,0.1706473022699899,2.09673863296557,0.044008255862589,0.2125143497990103,0.0417631355225687,0.6726117393637117
834.5311894_510.5795,-0.0417481673700918,-0.396844386462422,-2.334551967880534,0.0260033567221955,0.1569832276191805,0.0417481673700918,0.8041467459445921
752.7172772_798.871,-0.0416314196884159,-0.1460464075214408,-1.9346736412002612,0.0619124392591597,0.2683970106181659,0.0416314196884159,0.5712223256090994
808.6709829_670.663,-0.0415605445458978,-0.1969324529060313,-2.6583815402309887,0.0121556614082082,0.096713664070032,0.0415605445458978,1.0145121628250613
563.5052417_299.417,-0.0413687215353038,-0.4642622456410454,-1.9108173499430685,0.0650222708252496,0.2774510509035523,0.0413687215353038,0.5568136258660366
608.5274248_601.2665,-0.0412706441488992,-0.2268103887354325,-2.886342097532053,0.0069272567258283,0.068010997782233,0.0412706441488992,1.167420853618175
608.432058_354.943,-0.0409205002407074,-0.2099996651139031,-2.50821131037911,0.0173983069526089,0.1222381048825544,0.0409205002407074,0.9127933917970923
636.4624816_450.129,-0.0408541793139239,-0.2597021644619209,-3.2268273067756863,0.0028860659559818,0.0392711523969257,0.0408541793139239,1.4059263543373606
873.7102246_713.935,-0.0406659248381643,-0.2165170760481225,-2.2389461631519865,0.0322406354754282,0.1782826046210547,0.0406659248381643,0.7488910297110097
1205.754262_504.3885,-0.0406036729706037,-0.1702698039461661,-3.4463760202187848,0.0016094789886783,0.0260373943852657,0.0406036729706037,1.5844024786568465
694.6288661_707.706,-0.0403329341831566,-0.2262318972982391,-3.1068405996527404,0.0039468474915031,0.0480101597847025,0.0403329341831566,1.3186668486340605
899.6497537_685.7265,0.0403044776999417,0.2226171966252968,1.657639946874253,0.1071633159213836,0.3677504808741463,0.0403044776999417,0.43444675071232436
337.3115028_468.187,-0.0402846814206845,-0.3280180521544171,-1.979664354276338,0.0563972139940933,0.2539432563822434,0.0402846814206845,0.5952633156365897
796.5154711_466.254,0.0402378491356033,0.3807431264856861,1.7752240089575568,0.0853739577575889,0.3221285906131247,0.0402378491356033,0.49197072754146315
794.5505144_580.677,0.0399114108217516,0.0698108606157959,1.5788202844862582,0.1242128449423348,0.389878922887311,0.0399114108217516,0.40907024242462686
832.6260586_693.0065,-0.0394375117889402,-0.2647278125669866,-2.78757585005299,0.0088608449405785,0.0811414452423766,0.0394375117889402,1.090757261172001
594.3797352_227.8075,-0.0393161027920914,-0.2419965855767038,-2.301754336224896,0.028008141915194,0.1618910330559089,0.0393161027920914,0.7907772056146706
702.5472553_622.9485,0.039048154985694,0.1979333711475326,1.8521509823172344,0.0732488877777659,0.2957288398330179,0.039048154985694,0.5291063204870943
852.6597029_640.732,-0.0389049093068571,-0.1894778189465281,-2.478523852108027,0.0186541875502407,0.124616088962674,0.0389049093068571,0.9044258830650723
676.6637558_766.214,-0.0388173564384397,-0.1806022283841599,-2.2197377713887634,0.0336451497164643,0.1828053134594561,0.0388173564384397,0.7380111851197771
1261.816264_574.809,-0.0387103492707222,-0.1459540088706129,-2.2719831417141796,0.0299476147509017,0.1706804616922023,0.0387103492707222,0.7678161910406104
722.6703842_747.577,-0.0386377184752914,-0.4259688343923896,-1.6316837017088273,0.1125501486068975,0.3736695161085738,0.0386377184752914,0.42751233037042047
799.6006221_541.698,-0.0381687046023795,-0.2953687799617658,-2.20717321582778,0.0345932693192824,0.1842713365700341,0.0381687046023795,0.7345422140896031
854.5936739_564.7625,0.0380979471256975,0.2502944435930153,1.876362347242439,0.0697514144265841,0.2885654962318075,0.0380979471256975,0.5397555987170949
853.6633161_640.7345,-0.037646477246069,-0.1873020440292731,-2.4070393029641775,0.0220259591019699,0.1413476903000431,0.037646477246069,0.8497112837301151
253.2178216_207.503,-0.0374968283826805,-0.4369075760435781,-1.7661297780285046,0.0869139604597468,0.3264280081783118,0.0374968283826805,0.48621258498118214
884.7233631_733.215,-0.0374675163637725,-0.1960794770807089,-2.8834271965859064,0.0069781433239692,0.068010997782233,0.0374675163637725,1.167420853618175
887.7260798_731.039,-0.0374172092082842,-0.1657109634450091,-2.195075289229018,0.0355286872357812,0.1856146160074469,0.0374172092082842,0.7313878287558644
797.5828703_512.36,-0.0369411039482949,-0.2804405599236455,-2.3657882147634877,0.0242157218332528,0.151813948416162,0.0369411039482949,0.8186883243438636
858.6241414_632.498,0.0369397108005629,0.2108234233012843,2.345506995015834,0.0253632307363387,0.1561075217098576,0.0369397108005629,0.8065761708748895
808.6576221_638.9915,-0.0366992171558283,-0.336935729940759,-2.4566800540822316,0.0196307067007509,0.1300733817976586,0.0366992171558283,0.8858115683204053
682.5933086_710.7625,-0.0363784983651069,-0.1411394552821242,-1.7589101703910288,0.0881531799608276,0.32956349389025,0.0363784983651069,0.48206090158685294
599.321444_154.824,-0.0358979375324116,-0.3038106747032404,-1.3940834900266292,0.1728978780627734,0.4665952669574845,0.0358979375324116,0.3310596709101884
826.5641091_688.726,-0.035672044573969,-0.1492774778690528,-1.518983772183315,0.1385859911349102,0.4122174553830359,0.035672044573969,0.3848736219308345
932.8686113_865.451,-0.0353853301681223,-0.1939105340040817,-1.5577299354192582,0.1291334935568173,0.3978342351683945,0.0353853301681223,0.40029784689038705
466.2944322_151.8275,-0.0351455667988594,-0.404094310021082,-2.1359169279093795,0.0404357476589132,0.202178738294566,0.0351455667988594,0.6942645180173108
927.6827413_739.697,-0.0349827942249431,-0.7052294075177621,-1.397416448424054,0.1719027171177508,0.4661334490010194,0.0349827942249431,0.3314897316622475
307.2649646_333.855,-0.0349398212859507,-0.3232607428196147,-1.5479388130055725,0.1314712030211385,0.3998098151575668,0.0349398212859507,0.39814654834584956
267.2335893_252.0915,-0.0348300906998198,-0.3415716815436874,-1.7804911337882212,0.0844926406726102,0.3202860565031506,0.0348300906998198,0.4944619677225399
616.3628205_148.567,-0.0346291110127208,-0.1879623748025472,-1.9858219231714176,0.0556767107274039,0.2524586512930697,0.0346291110127208,0.597809742241363
831.5750249_538.899,-0.034266012969625,-0.093817009655945,-2.0497064534712157,0.0486632342217368,0.2253439539245199,0.034266012969625,0.6471540897449595
1207.769984_540.357,0.0341639050883036,0.2272209506510623,1.823783364854165,0.0775368696461415,0.30235669263926,0.0341639050883036,0.5194804138808232
838.5992655_594.392,-0.0340705812890474,-0.1580250534031068,-1.626736109981827,0.1136019145011838,0.3745506150568025,0.0340705812890474,0.42648948542902476
431.3175658_58.769,0.0340519776801506,0.1824806786034789,2.99721000132812,0.0052318285234249,0.0561044769288332,0.0340519776801506,1.251002482274821
777.6057385_577.642,-0.0339920661502385,-0.1323222823353143,-2.262895455428838,0.0305632766423854,0.1729796559968343,0.0339920661502385,0.7620049709050197
762.5687923_600.412,-0.0338640209241041,-0.1333851031274672,-2.2108686249326475,0.0343119629104131,0.183975327447281,0.0338640209241041,0.7352404154250386
814.5990159_588.074,0.0338520076633446,0.1494964216752984,1.5823043954392892,0.1234148903951123,0.389878922887311,0.0338520076633446,0.40907024242462686
861.5417379_479.525,0.0338142430901816,0.275034968629211,1.846927020798692,0.0740229243263014,0.2957288398330179,0.0338142430901816,0.5291063204870943
871.6936124_678.406,-0.03378874708499,-0.2150513181089378,-3.050747938507257,0.0045614342387257,0.0519611493220329,0.03378874708499,1.28432125138853
829.534975_458.689,-0.0336738205634776,-0.1493555372349634,-3.0564482251520255,0.0044950594031144,0.0519611493220329,0.0336738205634776,1.28432125138853
775.5987381_577.638,-0.0335103042444197,-0.1262623761228834,-2.3239044071049646,0.0266394953678723,0.1573274545276519,0.0335103042444197,0.8031954839281684
554.3477327_163.8335,-0.0334645822927375,-0.4621061515059939,-1.5974827565193352,0.1199874142890341,0.3838587587084222,0.0334645822927375,0.415828545417069
552.3107376_104.775,-0.0332696559121878,-0.2412359759007772,-2.324913449033533,0.0265786119556519,0.1573274545276519,0.0332696559121878,0.8031954839281684
835.547941_488.1215,-0.0331079967620116,-0.17548524577654,-1.944444773528565,0.0606763954132016,0.2649485074216947,0.0331079967620116,0.5768385227257893
1235.803757_576.673,0.0328784961415863,0.1290990091816119,1.4804852906689543,0.1485232497760446,0.426201942904407,0.0328784961415863,0.3703845748218648
714.6568352_775.1435,-0.032591691645828,-0.1976660411036812,-1.8440951697093937,0.0744454399388238,0.2959660173177632,0.032591691645828,0.5287581515715509
967.6383777_665.106,0.0325287022583923,0.1027165083333546,1.4785407033059768,0.1490399432242404,0.426201942904407,0.0325287022583923,0.3703845748218648
752.5531722_588.259,0.0325107223478707,0.2003852359192714,1.6855927703219178,0.1016031426618436,0.358469962205206,0.0325107223478707,0.44554722994059404
848.5464289_469.082,0.0321616378404058,0.3011778252114915,2.1142032024582784,0.0423826001818856,0.2080832478809445,0.0321616378404058,0.6817628820455373
951.580053_416.844,0.0319565915067092,0.1575950476256106,1.3860934196156267,0.1753019360515124,0.4696520178212595,0.0319565915067092,0.3282238074128801
666.6069912_687.855,-0.0319339169691259,-0.3475819387746089,-1.8966231575249932,0.0669358968832512,0.2811997729889164,0.0319339169691259,0.5509850342557013
868.6456057_631.219,-0.0318685280592469,-0.217908232630596,-1.527543613140622,0.1364510284785308,0.4103601040959508,0.0318685280592469,0.38683486868866485
526.3160925_116.435,-0.0317392821176043,-0.2132836622647467,-1.708665301510598,0.0971968615408768,0.3536403667670297,0.0317392821176043,0.4514381676872975
704.5533159_622.923,0.0317066611651485,0.1640182325283107,1.6417929692096012,0.1104260983532062,0.3703591364521115,0.0317066611651485,0.4313769371962848
329.2494336_246.523,-0.0316251986965886,-0.2143297835986455,-1.4162733239995595,0.166356728904108,0.4595957086672815,0.0316251986965886,0.3376240350551634
973.6285671_152.766,-0.0313979796865971,-0.2574575186668039,-1.6200126651506783,0.1150441744676297,0.3745506150568025,0.0313979796865971,0.42648948542902476
944.6716646_700.176,-0.0313688751729384,-0.162500990033684,-1.1889004119838422,0.2432268597461934,0.5599714426360104,0.0313688751729384,0.25183412053279736
772.5881353_623.2155,0.0313449156860689,0.1262999629663858,1.6434371049381982,0.1100838047841649,0.3703591364521115,0.0313449156860689,0.4313769371962848
773.5835133_536.248,-0.0312152265191482,-0.1135331501885189,-1.945067494308908,0.0605983523488321,0.2649485074216947,0.0312152265191482,0.5768385227257893
692.6215299_710.8445,-0.0309899122804056,-0.1876867258679869,-2.3351365723607045,0.0259688309942615,0.1569832276191805,0.0309899122804056,0.8041467459445921
796.5478263_580.817,0.0308705035132978,0.0853890738777186,1.222895148574031,0.2302994559364594,0.5490207844048136,0.0308705035132978,0.2604112140536277
644.6014418_679.782,-0.0308640178089826,-0.1560083156711827,-1.864965372036366,0.0713794877163667,0.2923330778333615,0.0308640178089826,0.5341220409281136
950.8205503_809.786,-0.030685300894498,-0.2467567113925129,-1.396570729236797,0.1721548075451617,0.4661334490010194,0.030685300894498,0.3314897316622475
620.5912327_680.7565,0.0306341015047186,0.1785862192352595,1.8689555657565993,0.070805809607772,0.2914481557087587,0.0306341015047186,0.5354386885622181
900.6188282_615.728,0.0306045712859249,0.1237811452007523,1.574812856024751,0.1251358606854906,0.389878922887311,0.0306045712859249,0.40907024242462686
281.249164_915.4835,-0.0303588601814733,-0.151389666720815,-1.1078708011261105,0.2761756402862065,0.5970375247566534,0.0303588601814733,0.2239983719148539
759.5680194_509.899,-0.0303361364149696,-0.1628231581203542,-2.511437941497962,0.0172665909165497,0.1222381048825544,0.0303361364149696,0.9127933917970923
979.7277479_721.364,-0.0301551593535127,-1.0180396196736363,-1.3379000945923891,0.1903597826677392,0.4844158480958223,0.0301551593535127,0.31478165696586485
639.5227168_667.7745,-0.0301437506490445,-0.3823408435903184,-2.0916564121672203,0.0444915675974491,0.2125143497990103,0.0301437506490445,0.6726117393637117
580.3637708_187.987,-0.0300538114909579,-0.2332527995687505,-1.668492204773761,0.1049753698822821,0.365619343820769,0.0300538114909579,0.4369708351144058
589.5190367_379.369,-0.0300136531758336,-0.175192209399491,-1.2892316374563484,0.2065591857114174,0.5126244530732821,0.0300136531758336,0.29020068105950847
874.5636381_494.939,0.0292781632047379,0.1662556601516234,1.6888017510495943,0.100980504286336,0.358469962205206,0.0292781632047379,0.44554722994059404
901.622479_650.9335,0.0292631763180064,0.0565272276322585,1.3690786156736507,0.1805083201808721,0.4715201312417013,0.0292631763180064,0.32649976061372354
844.6476068_669.721,-0.0291936896756956,-0.1511913149397024,-1.4923860533379456,0.1453922637142066,0.4204241460409311,0.0291936896756956,0.376312349277484
646.6162078_710.8445,-0.029107093296196,-0.1811022723864427,-2.1824995220549077,0.0365249422462185,0.187982156963351,0.029107093296196,0.7258833714816101
1089.866483_752.6655,-0.0290886266522661,-0.1939392658982126,-2.402563841847374,0.0222544962878506,0.1416985505827991,0.0290886266522661,0.8486345920751347
869.5564003_533.294,-0.0290791296819035,-0.1470828823389145,-2.0847722731963465,0.045153714811051,0.2135446621448303,0.0290791296819035,0.6705112799150711
868.744231_760.2155,-0.0289251726213284,-0.1571236012977536,-1.6500945255701138,0.1087067565509933,0.369150027454415,0.0289251726213284,0.4327970949421786
636.6319243_734.166,-0.0288930422172298,-0.351258596737549,-1.4103091671298156,0.1680954085513729,0.4612719123547774,0.0288930422172298,0.3360429895294103
696.6535383_749.5795,-0.0288822917214467,-0.2649473627729425,-1.8494226050130105,0.0736522833198007,0.2957288398330179,0.0288822917214467,0.5291063204870943
887.5685081_544.717,0.0288434170678127,0.1391885557308525,1.813762816661482,0.0791019055842126,0.3055357964508687,0.0288434170678127,0.5149379006739471
674.515386_614.8845,-0.0287653270875026,-0.1358479511992663,-1.494503353948765,0.1448408060497751,0.4204241460409311,0.0287653270875026,0.376312349277484
925.6827678_704.3905,-0.0287222592134194,-0.1071447741024346,-2.0906388234427524,0.044588900387277,0.2125143497990103,0.0287222592134194,0.6726117393637117
819.5535615_551.8265,0.0286454847764548,0.1657519717351416,1.046998835371619,0.3029443828801091,0.615710586458859,0.0286454847764548,0.21062337913364498
800.5389971_563.41,-0.0286076435043389,-0.1003283492523628,-2.3137435327287617,0.0272596463256654,0.1598317392476067,0.0286076435043389,0.7963369746379253
812.5738227_562.112,-0.028527788601806,-0.1271928604203628,-2.023570312610463,0.05143290371739,0.2368238222015418,0.028527788601806,0.6255746138988123
927.5236335_479.8675,0.0285116750386549,0.1683169320419359,1.3418249508484206,0.1890972815313318,0.4831168791474464,0.0285116750386549,0.31594778885888125
819.5610314_487.3295,-0.0284784299655281,-0.1444161578095173,-1.926348925075536,0.0629826691296445,0.2715919330193669,0.0284784299655281,0.5660831338657801
694.638769_768.991,-0.0283423933073711,-0.2833720023344567,-1.1666745616364622,0.2519629743006604,0.5701939818294387,0.0283423933073711,0.2439773708077916
1263.83347_610.1605,0.0283084448722646,0.1135735205488551,1.4040571763407796,0.169933304868754,0.4635217169944439,0.0283084448722646,0.333929913407505
662.648927_748.3255,-0.0282927360783261,-0.238692648441334,-2.418117710831987,0.0214694123549528,0.1389895216013322,0.0282927360783261,0.8570179399060127
848.5968042_635.312,0.0282538097691256,0.1561892110099233,1.4397037876817511,0.159663050579482,0.4471662756779309,0.0282538097691256,0.3495309574455652
1087.848817_737.475,-0.0282390377878794,-0.307466431583026,-1.9074278605985335,0.0654748872605671,0.277927255819595,0.0282390377878794,0.5560688606655507
938.7517562_675.4355,-0.0281072546410236,-0.2025012759775371,-1.4972797526694692,0.1441202288722253,0.4204241460409311,0.0281072546410236,0.376312349277484
1087.858351_752.722,-0.0280429271993059,-0.1787250969692135,-2.212428275731872,0.0341938527519161,0.183975327447281,0.0280429271993059,0.7352404154250386
904.6091759_576.4035,-0.0279090483615493,-0.1633495591994227,-2.828637823004967,0.0080024841888256,0.0749658001596889,0.0279090483615493,1.1251368191333924
840.5779061_556.4735,-0.0275766519828098,-0.280091219405596,-1.5751702322321883,0.1250533207983189,0.389878922887311,0.0275766519828098,0.40907024242462686
789.5869483_576.7445,0.0275601883800987,0.1671175567138448,1.4867751053728255,0.1468617987326367,0.4229412224985828,0.0275601883800987,0.37371998373183773
851.6298427_567.783,-0.0275545792579468,-0.2547309160895205,-1.970798023235128,0.0574489445681368,0.2555558862546338,0.0275545792579468,0.59251411142772
562.4935349_542.765,-0.0275113703456199,-0.3534738281931208,-1.1662921263303612,0.2521152756755139,0.5701939818294387,0.0275113703456199,0.2439773708077916
656.5784687_709.5075,0.0275001034615155,0.0964917465033825,1.752248714601951,0.0893097961831455,0.3323629401336238,0.0275001034615155,0.47838740785049644
916.6405065_668.4245,0.0274487296633307,0.1573381706212564,1.1432543340427848,0.2614141762764553,0.5776677614768697,0.0274487296633307,0.23832186891934148
842.6295931_633.0175,0.0274199418970218,0.14192245038472,1.3006314180756062,0.2026736410900148,0.5077962779198871,0.0274199418970218,0.29431048677221877
915.601978_416.177,0.0272252241777386,0.1376873371431736,1.220855760281723,0.231060281043989,0.5490207844048136,0.0272252241777386,0.2604112140536277
682.6386889_735.4,-0.0271501928168462,-0.332560053318257,-1.369325861241801,0.1804318129171585,0.4715201312417013,0.0271501928168462,0.32649976061372354
568.3636776_199.107,-0.0271340636992934,-0.1375534958185875,-1.371337703468519,0.1798102092402788,0.4715201312417013,0.0271340636992934,0.32649976061372354
820.7431522_781.185,-0.0270356679254278,-0.1696076114633,-2.123711628932694,0.0415200766498059,0.2050840149672232,0.0270356679254278,0.6880681888860084
787.5992921_562.999,-0.0270291939706242,-0.1509873231183132,-2.0727295937299957,0.0463329727697837,0.2170193839504239,0.0270291939706242,0.6635014736780305
526.2951541_139.466,-0.0270240486754844,-0.2108727688623313,-1.2212293068994216,0.230920783990531,0.5490207844048136,0.0270240486754844,0.2604112140536277
981.7441555_725.2605,-0.0268905311348267,-0.6345847725822854,-1.202635034543448,0.2379409416035759,0.5556500498765454,0.0268905311348267,0.2551986423328603
822.7597013_793.337,-0.026862474941818,-0.2052826297138621,-1.6366154699061592,0.1115097605448103,0.3724608805082805,0.026862474941818,0.4289193343829446
826.5637101_600.117,-0.026774674837287,-0.1163718563402714,-1.109553954198658,0.2754602244604157,0.5970375247566534,0.026774674837287,0.2239983719148539
857.5208364_440.103,0.0267718001203708,0.2367234672266208,1.4658295316820784,0.1524528888242364,0.4314205013602524,0.0267718001203708,0.3650992208095681
820.6267486_672.2655,0.0266993953955263,0.0855051809423904,2.2955736421127786,0.0284012105724316,0.1630069480037448,0.0266993953955263,0.7877938838452618
860.6533259_649.325,0.0266692775262989,0.0676239586950868,1.3085516237204795,0.2000070911274964,0.5046618553217015,0.0266692775262989,0.2969995200124041
305.2491274_279.9145,-0.0265860009704019,-0.2508084602849811,-1.2993178170239117,0.2031185111679548,0.5077962779198871,0.0265860009704019,0.29431048677221877
763.554908_535.319,-0.0265279495682186,-0.1104132237193983,-1.586114738690668,0.1225470234627948,0.389878922887311,0.0265279495682186,0.40907024242462686
810.5690407_563.01,-0.0264508544049793,-0.1115685053191671,-1.9037232137921287,0.0659726973296692,0.2785893695527482,0.0264508544049793,0.5550354594578688
686.5598799_730.0835,-0.0264448531226296,-0.1179560058812207,-1.1364917814834663,0.2641903829065816,0.5797079600042366,0.0264448531226296,0.23679073626510597
897.6330959_630.311,0.0264400695809213,0.0587004851422611,1.1938844489122702,0.2412987902520723,0.5586889603847697,0.0264400695809213,0.25282991015289324
650.6488175_749.725,-0.0264384849697026,-0.2487869452424297,-1.6424826607441698,0.1102824040202354,0.3703591364521115,0.0264384849697026,0.4313769371962848
942.6591806_656.6375,0.0260666234272973,0.1012549306408959,1.5079343301956545,0.1413816575203552,0.4174856915909039,0.0260666234272973,0.3793584044189438
845.6340617_629.402,-0.0259165123512924,-0.0552031486640105,-1.136866050327458,0.2640361810854999,0.5797079600042366,0.0259165123512924,0.23679073626510597
552.331556_126.8295,-0.0259131358719646,-0.2159483149816073,-1.6305587191664468,0.1127885901382934,0.3736695161085738,0.0259131358719646,0.42751233037042047
769.5523003_454.66,-0.0258373726282948,-0.1690926906730814,-1.3760149639024757,0.1783715082481921,0.4704620686805068,0.0258373726282948,0.3274753861088121
841.6147458_590.877,0.0258367482972678,0.1297950562888546,1.0124767828885477,0.3189048847109824,0.6222113502789219,0.0258367482972678,0.2060620708252851
859.6179977_603.4015,0.0257811499176455,0.1254322526734587,1.7259458982188836,0.0940024623128503,0.3450991296620407,0.0257811499176455,0.4620561359952409
841.5373604_505.149,0.0255486543897623,0.0685622006915327,1.288132651737381,0.2069367424062697,0.5126244530732821,0.0255486543897623,0.29020068105950847
790.531195_546.517,-0.0253584366452901,-0.3102667951450699,-1.8263837552412143,0.0771350765220124,0.3022359969492313,0.0253584366452901,0.5196538115211452
708.6010066_679.621,-0.0253169024367163,-0.0951237087753541,-1.0780789464973164,0.2890585077154313,0.6025132577700167,0.0253169024367163,0.22003339238294833
872.5648037_581.364,0.0252309095188339,0.0404317563198308,1.0929108219814418,0.2825926460799335,0.5973148139646351,0.0252309095188339,0.22379671421104694
842.5572356_454.592,-0.0251693829094016,-0.6274631247831202,-0.998886156685234,0.3253437304133408,0.6283297163196038,0.0251693829094016,0.2018124002101453
628.5462759_675.6405,0.0250482410015199,0.1001800378041835,1.8491938515067192,0.0736861912167974,0.2957288398330179,0.0250482410015199,0.5291063204870943
923.6483172_653.991,-0.0249239437163472,-0.5771438007374766,-0.9959132254645684,0.3267639487406036,0.6295806577389882,0.0249239437163472,0.200948623035049
610.5428998_636.5925,-0.024877941296347,-0.1752784106395626,-1.943524684032483,0.0607918661200698,0.2649485074216947,0.024877941296347,0.5768385227257893
892.6469956_647.719,-0.0248265358043472,-0.1119136661135315,-2.092127995276796,0.0444465241632919,0.2125143497990103,0.0248265358043472,0.6726117393637117
852.5779146_557.304,0.0248121710992646,0.0984797629197186,1.5381291015618728,0.1338476889705927,0.4055236673272605,0.0248121710992646,0.39198379425261975
740.525817_511.0945,0.024682964709066,0.160735841230641,1.4321851378068902,0.1617873673249939,0.4487053644336128,0.024682964709066,0.3480387382895465
980.8687774_848.427,-0.0246612578281009,-0.118535528747398,-1.3126211895452315,0.1986474382802796,0.5027877708025712,0.0246612578281009,0.29861529410770066
818.5348131_621.478,-0.024632284847171,-0.1141189180395878,-1.3511033226774598,0.186138440816958,0.4828194525203427,0.024632284847171,0.31621524074524215
720.4998735_547.315,0.0245945892978163,0.3364979330133123,1.1634128610798855,0.2532640753647323,0.5701939818294387,0.0245945892978163,0.2439773708077916
825.6411627_664.9675,0.0243159026302362,0.1084658330113357,1.0871339518001837,0.2850987271561265,0.5973148139646351,0.0243159026302362,0.22379671421104694
856.60893_602.6575,0.0242573435134399,0.1127237600513575,1.679833958371053,0.1027285515859463,0.3608783169937339,0.0242573435134399,0.4426392112983939
698.6249879_753.2465,-0.0241878870863847,-0.1195414299336327,-1.581748978175437,0.123541814274611,0.389878922887311,0.0241878870863847,0.40907024242462686
850.7904649_814.253,-0.0240981718355092,-0.1473000324024795,-1.3761541214069168,0.1783288419383369,0.4704620686805068,0.0240981718355092,0.3274753861088121
825.6153893_554.2935,-0.0240648440148244,-0.1858574964082434,-1.2327434302439666,0.2266516497768401,0.5448999839767691,0.0240648440148244,0.2636832048666764
886.6421183_655.497,0.0239964050500609,0.1313553821858551,1.0475221798933616,0.3027067805162989,0.615710586458859,0.0239964050500609,0.21062337913364498
724.530729_590.0485,0.0238871949050062,0.1728826381983321,1.0964760394619677,0.2810538347358948,0.5973148139646351,0.0238871949050062,0.22379671421104694
662.4792722_449.581,-0.0238856341711684,-0.1399632398058685,-1.7978160534490046,0.0816479648284895,0.3124088795080703,0.0238856341711684,0.5052766307916872
788.5839687_576.704,0.0238598885051261,0.1432856976748966,1.2953988293216552,0.2044501587864312,0.5095623223576191,0.0238598885051261,0.29280269173455675
818.6322574_672.327,0.0238484172479922,0.0723813061617645,1.9851259826272811,0.0557577389358927,0.2524586512930697,0.0238484172479922,0.597809742241363
735.5688828_521.081,-0.0238068201786235,-0.1620791168509286,-2.538208201441855,0.0162086039402969,0.1166685696829047,0.0238068201786235,0.9330461264032949
792.591592_577.082,-0.0237930162092075,-0.0958923187276252,-1.087720862570452,0.2848434014375868,0.5973148139646351,0.0237930162092075,0.22379671421104694
562.3166145_95.19795,0.0237118963931924,0.1829414976640166,1.104025449606901,0.2778150644695458,0.5973148139646351,0.0237118963931924,0.22379671421104694
913.5749115_516.937,0.0235767886507329,0.1335565368880167,1.5566757179724426,0.1293835610526263,0.3978342351683945,0.0235767886507329,0.40029784689038705
540.3320081_127.6485,-0.0235763827339664,-0.0938213511570332,-1.1651069776996237,0.252587677238745,0.5701939818294387,0.0235763827339664,0.2439773708077916
981.7435267_740.7515,-0.0234786820926931,-0.8856316179256275,-1.0102280338208465,0.3199642037227064,0.6222113502789219,0.0234786820926931,0.2060620708252851
700.6315856_734.8215,-0.023385214548522,-0.2248246498830172,-1.14293381071648,0.2615452809631471,0.5776677614768697,0.023385214548522,0.23832186891934148
590.3477588_131.0755,-0.0232764972396561,-0.145616448206814,-1.196747910262561,0.240196172789985,0.5577204581875721,0.0232764972396561,0.25358342451504884
878.5942821_552.1935,-0.0232174485725426,-0.1018500166333626,-1.3807904539976277,0.1769118643817505,0.4696520178212595,0.0232174485725426,0.3282238074128801
970.7232521_652.194,-0.0231769834418942,-0.1158932514017498,-2.2005593788071183,0.0351018893765864,0.1856146160074469,0.0231769834418942,0.7313878287558644
564.5372759_636.521,-0.0231081223579163,-0.1665731176892532,-1.722277441987886,0.0946731238732056,0.3460026724514018,0.0231081223579163,0.46092054679562017
838.5993525_608.34,-0.0230514390597308,-0.1252239726990759,-1.89242878644813,0.0675105866072391,0.2821596312046149,0.0230514390597308,0.5495051209827038
817.54564_469.31,-0.0230378548492022,-0.2054423635918087,-1.6969741757512111,0.0994091753167739,0.3569095941989901,0.0230378548492022,0.447441777480944
798.5957177_603.57,0.0229454817268841,0.1255072527136434,1.5532114637131984,0.1302080803291145,0.3978342351683945,0.0229454817268841,0.40029784689038705
845.5688862_586.204,0.0229182577195509,0.0420884389382531,1.3496132199671973,0.1866111994403778,0.4828194525203427,0.0229182577195509,0.31621524074524215
506.3266234_240.991,0.0228815404236791,0.1929488157068295,1.0335310783280738,0.3091035407312578,0.6159398183275676,0.0228815404236791,0.2104617194022486
816.5347769_538.828,0.0228154421025275,0.0320470663155033,1.1019197041913538,0.2787157618711944,0.5973148139646351,0.0228154421025275,0.22379671421104694
867.5532381_525.439,0.0225868436919373,0.0776845387279099,1.2508953986429687,0.2200415622159533,0.5337317654940534,0.0225868436919373,0.27267694902656714
789.6144816_601.458,-0.0225857499654708,-0.1588532865401485,-1.7002965412088928,0.0987762438117734,0.3565532001001029,0.0225857499654708,0.44787566136287954
953.6230649_646.492,0.0223972881683598,0.0677709776553835,1.0622016170170676,0.2960950623586134,0.6109303185373922,0.0223972881683598,0.2140083216730963
833.6777501_675.453,-0.0221941704945325,-0.1874798382802918,-1.7825638046269277,0.0841479525110093,0.3202860565031506,0.0221941704945325,0.4944619677225399
666.5973977_681.493,0.0220355504915954,0.1072643601232005,1.4937020785314323,0.1450493030762346,0.4204241460409311,0.0220355504915954,0.376312349277484
920.6789775_683.598,-0.022002637015083,-0.0956219850123385,-1.6565155052193494,0.1073921649669286,0.3677504808741463,0.022002637015083,0.43444675071232436
995.6123536_117.977,0.0218568014904654,0.216913946519358,0.9705943692390756,0.3390299281137928,0.6440778354609352,0.0218568014904654,0.19106164588777108
301.2181156_164.6055,-0.0216380232591437,-0.2314507619608814,-1.299742313734472,0.202974667807319,0.5077962779198871,0.0216380232591437,0.29431048677221877
478.2850253_121.666,0.0212358735222684,0.1741402442024918,0.9531520761188832,0.3476578626252828,0.6513589839990932,0.0212358735222684,0.18617959238412357
792.5572447_557.172,0.0211021200122132,0.1113695652736259,1.091346711880891,0.2832696283766476,0.5973148139646351,0.0211021200122132,0.22379671421104694
864.6139541_623.921,-0.0210908186289655,-0.114167276816348,-1.803091906153119,0.0807980188425191,0.3106150252672316,0.0210908186289655,0.5077775401308985
844.6820845_688.7495,0.0210733263816515,0.1343943550649466,1.198558213677411,0.2395010104486685,0.5576952100447566,0.0210733263816515,0.25360308557848416
582.5116266_593.5815,-0.0209004411826309,-0.0951038504400125,-1.2172065678463315,0.2324263332935804,0.5506612256810117,0.0209004411826309,0.2591155029006504
768.5475629_599.253,-0.0208721463424488,-0.1499186790789062,-1.6760193881864995,0.1034797119594761,0.3619569323904423,0.0208721463424488,0.44134310111846137
814.5632852_533.2715,0.0207657210749534,0.16152473819918,1.2817608499728192,0.2091361197642533,0.513002276245962,0.0207657210749534,0.28988070787284737
760.6223542_740.089,0.020721273203451,0.1104623044945106,1.0249315124312894,0.3130814057257719,0.6163317528176429,0.020721273203451,0.21018545725998594
664.5901627_681.285,0.0206492881106678,0.0943101954054355,1.441797052822095,0.1590755684008572,0.447057200850685,0.0206492881106678,0.34963690544864445
708.6172178_693.9745,-0.0205820650481883,-0.2229848234681943,-1.0894386243450924,0.2840970490103033,0.5973148139646351,0.0205820650481883,0.22379671421104694
869.6766456_648.049,-0.0204998164934368,-0.1510431213530849,-1.4668874018160234,0.1521664943994221,0.4314205013602524,0.0204998164934368,0.3650992208095681
1123.678315_388.256,0.0204918430306667,0.1247535545039835,1.968735370530141,0.0576960528476719,0.2555558862546338,0.0204918430306667,0.59251411142772
698.5600117_547.409,-0.0204837259611876,-0.1175072057919409,-1.6637551841214542,0.1059258017953052,0.3673596955879735,0.0204837259611876,0.43490849349542077
796.5190318_442.281,0.0204108718230246,0.0910502282891659,1.2062447634506028,0.2365658984723087,0.5546318761684363,0.0204108718230246,0.25599517398240346
993.6704527_704.4365,-0.0203839342896012,-0.080833294407684,-1.1790067349693656,0.2470877688181773,0.5640799204112452,0.0203839342896012,0.24865935960771135
474.2633342_99.10305,0.0203636418825414,0.2117878967887445,0.896648101439361,0.3766030184188565,0.6760604846065377,0.0203636418825414,0.17001444761491943
277.2177857_175.973,-0.0202869504572546,-0.1893325714762484,-0.857157009719826,0.3977322131945949,0.6961999621282472,0.0202869504572546,0.1572660046763982
728.5614978_576.517,0.0202227532261965,0.142478424578732,1.0378763831681388,0.3071069124001074,0.615710586458859,0.0202227532261965,0.21062337913364498
791.5037155_486.628,0.0202186360504996,0.3629788613504114,0.9456622136367144,0.3514072867600201,0.656873712636276,0.0202186360504996,0.18251811777213073
823.6000439_519.968,-0.0202137560302798,-0.3272807517716845,-1.6611118941756762,0.1064592490590419,0.3676452880640642,0.0202137560302798,0.43457099580373165
752.526397_576.971,-0.0202066643366268,-0.2788148789185958,-1.686708589327537,0.1013862782512956,0.358469962205206,0.0202066643366268,0.44554722994059404
870.7067161_718.484,-0.0201728150156083,-0.1077204635971756,-1.4961181185218355,0.1444213645520238,0.4204241460409311,0.0201728150156083,0.376312349277484
754.5578498_622.11,-0.0201548198996106,-0.1089919494138,-1.0220842626509612,0.3144061925419619,0.6174483058354192,0.0201548198996106,0.20939939665971471
650.4419468_393.895,-0.0200485457927257,-0.1034909352546963,-1.522710343750168,0.1376532335392909,0.4122174553830359,0.0200485457927257,0.3848736219308345
636.5593633_643.596,-0.0200386742964581,-0.0963791042604246,-1.34389635205472,0.18843358915104,0.4829351420065962,0.0200386742964581,0.31611119090479783
766.5412903_599.387,-0.0200056907336992,-0.1400394632151968,-1.6185848219756502,0.1153523980113588,0.3745506150568025,0.0200056907336992,0.42648948542902476
988.729702_799.961,-0.0199481912386954,-0.1851043134240006,-1.033884942356604,0.3089406080338314,0.6159398183275676,0.0199481912386954,0.2104617194022486
536.5058106_593.51,-0.0198387033870785,-0.0911325310586976,-1.1566039417513627,0.2559959503661615,0.5731777460121474,0.0198387033870785,0.24171067970480994
749.5836912_561.2135,-0.0197877481823984,-0.097588814208475,-1.158072837645644,0.2554047930242285,0.5731777460121474,0.0197877481823984,0.24171067970480994
642.5789884_711.6575,0.0197691936590288,0.1546788496562176,1.5736098170793478,0.125414042414672,0.389878922887311,0.0197691936590288,0.40907024242462686
764.5567568_529.3335,0.019734598270622,0.0489907165764437,0.8250177111664397,0.4154695597210459,0.7083842911561767,0.019734598270622,0.14973107811413797
691.4004562_192.952,0.0197166958684981,0.0631491510040959,0.8310513764212221,0.4121027954094586,0.7083842911561767,0.0197166958684981,0.14973107811413797
819.6628547_657.901,-0.0197143327677385,-0.2153876429878442,-1.5333041901182898,0.1350292700626976,0.407588352226291,0.0197143327677385,0.38977823545100776
913.5862089_408.1995,-0.0196723124539537,-0.1009512524897203,-0.7935525208236733,0.4333011502787447,0.7119766884620502,0.0196723124539537,0.14753422579858694
683.4245677_669.023,-0.0195428805870615,-0.0704563670397399,-0.731816214179237,0.4696066826004145,0.7354274541333328,0.0195428805870615,0.13346016158157323
750.5461995_621.9615,-0.0194970950248834,-0.0967516826656464,-1.090166296688872,0.2837813001876255,0.5973148139646351,0.0194970950248834,0.22379671421104694
744.5663516_547.559,-0.0194767936821796,-0.1328394545504255,-1.6997905456124378,0.098872421132053,0.3565532001001029,0.0194767936821796,0.44787566136287954
668.6142758_742.61,0.0194723104433265,0.1783931506961255,1.6238131406531835,0.1142270840602467,0.3745506150568025,0.0194723104433265,0.42648948542902476
1177.723983_455.1375,-0.019471956219518,-0.0835117594872486,-1.6098683160461609,0.1172487772455252,0.3791974343456471,0.019471956219518,0.4211346097656629
686.6248385_749.547,-0.0194219215000315,-0.1721220995763663,-1.2055649462938218,0.2368244084743752,0.5546318761684363,0.0194219215000315,0.25599517398240346
882.6241289_629.0095,0.0193685434960655,0.0633603626419142,1.1279472688121588,0.2677284960216754,0.5849831749535267,0.0193685434960655,0.23285662473819724
819.5408195_500.421,0.0192626016706941,0.0998588635715587,1.210054260590668,0.2351211494050731,0.5538258288009672,0.0192626016706941,0.25662679390615545
801.615787_586.552,-0.0192612256306112,-0.0653385525893285,-1.3895434989362312,0.1742606877671569,0.4687209918489533,0.0192612256306112,0.3290855959997043
452.2793447_137.786,-0.0191715000617645,-0.1219509973327212,-1.1896549904206823,0.242934225469484,0.5599714426360104,0.0191715000617645,0.25183412053279736
881.5202483_454.858,0.0191519312129193,0.1401345134599533,1.515636952011509,0.1394280374240429,0.4132140018203454,0.0191519312129193,0.3838249707674095
764.5171893_541.767,-0.0191456298294882,-0.2042603973917647,-2.7212091103073046,0.010432265611771,0.091422542726811,0.0191456298294882,1.038946703886044
985.7103835_792.307,-0.0191058834525549,-0.244180562948136,-1.120553572561545,0.2708175010095071,0.5901504366918404,0.0191058834525549,0.229037267176107
938.6922708_719.419,0.0189615886658112,0.116775138052522,1.064409934126366,0.2951092456624849,0.6109044639270008,0.0189615886658112,0.21402670143243457
964.776143_698.0345,-0.0189546584200832,-0.0962701578926753,-1.1848130249744482,0.2448165059358377,0.5606465661343275,0.0189546584200832,0.2513108334838643
786.5109393_506.613,-0.0188257164060173,-0.165302319640403,-1.343921673287075,0.1884254871872248,0.4829351420065962,0.0188257164060173,0.31611119090479783
600.5144861_636.772,-0.0187433629008644,-0.0996190574197366,-1.263862291251004,0.2154090663587113,0.5256239194082327,0.0187433629008644,0.27932487969135217
841.6455093_609.047,-0.0186809234660748,-0.117425241500461,-1.571885290327233,0.125813689226212,0.389878922887311,0.0186809234660748,0.40907024242462686
890.6946598_681.427,0.0186777046195962,0.0839331057656718,1.34655719403536,0.1875836779547151,0.4829351420065962,0.0186777046195962,0.31611119090479783
788.5277853_546.5035,-0.0186690866398145,-0.1823334847630384,-1.9706418150180816,0.057467626196755,0.2555558862546338,0.0186690866398145,0.59251411142772
780.5945853_666.918,-0.0186600053091701,-0.077548167973056,-0.9595005858289368,0.3445007418345883,0.649459987403748,0.0186600053091701,0.18744760022612741
740.5175475_553.851,-0.0186288633572861,-0.1770691720027195,-1.473771280767225,0.1503133045458129,0.4283403608560752,0.0186288633572861,0.3682110017854733
802.5639378_714.718,-0.0185805378071304,-0.1891554125932312,-0.8547722769724945,0.399031686000452,0.6963829209643863,0.0185805378071304,0.1571518886487312
736.5526066_560.472,0.0182649394458148,0.0989005291739383,1.3826184094897571,0.1763556167756824,0.4696520178212595,0.0182649394458148,0.3282238074128801
876.5776679_519.4415,0.0182534961737102,0.0823408743231794,0.971381635242098,0.338643924324307,0.6440778354609352,0.0182534961737102,0.19106164588777108
874.6934458_732.329,-0.0182313139193433,-0.1274072185240953,-1.0441766197332862,0.3042279285125068,0.615710586458859,0.0182313139193433,0.21062337913364498
979.6370948_650.1005,-0.0181933311965228,-0.0436273126270645,-0.6940927299017936,0.4926325564927565,0.7561121158975452,0.0181933311965228,0.12141380277194419
990.7434683_817.3655,-0.0181344336249598,-0.0865001325719117,-1.04556607856883,0.3035955296663262,0.615710586458859,0.0181344336249598,0.21062337913364498
726.6122339_689.9435,-0.0181233382993557,-0.2313150109079874,-1.6519319223109477,0.1083292244614182,0.369150027454415,0.0181233382993557,0.4327970949421786
971.6545941_668.746,-0.0181049549486853,-0.0505445040983016,-0.7942591213986775,0.4328956868503091,0.7119766884620502,0.0181049549486853,0.14753422579858694
762.5861745_554.108,-0.0178855886459866,-0.0976166407696697,-1.747428799067836,0.0901546282860285,0.3339819184232421,0.0178855886459866,0.47627704498956486
640.5831791_711.7005,0.0178524699563435,0.1475878037900016,1.59696492902248,0.1201030472032486,0.3838587587084222,0.0178524699563435,0.415828545417069
704.6158634_722.8705,0.0178109524077746,0.0962887444937444,0.989475843917088,0.3298536282905802,0.6340346864547709,0.0178109524077746,0.19788698230149185
738.5095391_553.9035,-0.0177817893796224,-0.1650959463056645,-1.4319144350234756,0.1618642664337204,0.4487053644336128,0.0177817893796224,0.3480387382895465
762.5097687_541.776,-0.0177749978136661,-0.1848469859123097,-2.5770619577869502,0.0147788895438995,0.1105027062227352,0.0177749978136661,0.9566270859317302
796.5892289_654.26,-0.0177703093357329,-0.1779537414074456,-1.1435467690484846,0.2612946021634509,0.5776677614768697,0.0177703093357329,0.23832186891934148
914.6886311_707.706,0.0177529936713943,0.1429395471185728,1.147994304758146,0.2594809238309375,0.5776677614768697,0.0177529936713943,0.23832186891934148
815.6320162_609.279,-0.0177333570889759,-0.0961426114122031,-1.3642873400377706,0.1819959122495607,0.4738871197552459,0.0177333570889759,0.3243250952576395
843.5871069_576.758,-0.0176101057893528,-0.0720407079223569,-0.8572465232118928,0.3976834881733213,0.6961999621282472,0.0176101057893528,0.1572660046763982
921.6107178_611.3925,-0.0175815463713998,-0.1326311818806013,-0.8565318427824795,0.3980726163825315,0.6961999621282472,0.0175815463713998,0.1572660046763982
676.6132779_734.68,-0.017446729382688,-0.2039550612821485,-0.8197027802729564,0.4184493284555802,0.7091342237524633,0.017446729382688,0.1492715544954662
1149.693017_398.338,-0.0173784392912766,-0.0606655499314281,-1.3365534105601669,0.1907944628696428,0.4844158480958223,0.0173784392912766,0.31478165696586485
809.5679974_601.881,-0.0172889137099377,-0.1301512114756185,-0.9019984126822174,0.3737971683829084,0.6739279491674482,0.0172889137099377,0.17138653217630812
1091.879993_768.007,-0.0172863598343556,-0.1006217863913288,-1.4359465605157973,0.1607218387777239,0.4485900637117981,0.0172863598343556,0.34815035028699687
868.6009778_565.94,-0.01725604239473,-0.1899541250594469,-0.8072615999869626,0.4254757053543023,0.7119766884620502,0.01725604239473,0.14753422579858694
1101.838827_720.192,-0.0172293571573695,-0.1718633289017516,-0.9597728211954936,0.3443657886103625,0.649459987403748,0.0172293571573695,0.18744760022612741
507.2738084_95.8469,0.017193169284339,0.0675497381315078,1.0903802554293052,0.2836885073871429,0.5973148139646351,0.017193169284339,0.22379671421104694
810.5238361_502.157,0.0170811315388772,0.1715542014308603,1.1846093349383855,0.244895923366651,0.5606465661343275,0.0170811315388772,0.2513108334838643
883.5275139_454.749,0.0170550736445274,0.1267951168257765,1.403652691046939,0.1700527526151395,0.4635217169944439,0.0170550736445274,0.333929913407505
760.5521069_564.116,-0.0170416720408231,-0.0905107297272824,-1.0379205288499511,0.3070866738606465,0.615710586458859,0.0170416720408231,0.21062337913364498
762.5689937_582.096,0.0170070789744246,0.1558587884484815,0.9745817821271404,0.3370779055128701,0.6440778354609352,0.0170070789744246,0.19106164588777108
761.5836933_554.108,-0.0169927728658433,-0.0891646698420488,-1.6003767427976154,0.1193428557976841,0.3838587587084222,0.0169927728658433,0.415828545417069
828.5769789_554.82,0.0169464087490592,0.0944611803470788,0.7266745603836654,0.4727079674964333,0.7356158449141821,0.0169464087490592,0.13334892477832674
872.6846339_695.055,0.0168907864037712,0.097564156306594,1.283000111910236,0.2087069755824442,0.513002276245962,0.0168907864037712,0.28988070787284737
670.6109511_742.728,0.0168655141365141,0.1549165617117315,1.5208554640517304,0.1381168727962824,0.4122174553830359,0.0168655141365141,0.3848736219308345
962.7603345_678.403,-0.0167954004650523,-0.0939270682089838,-0.915607948517644,0.3667212050050866,0.6725925907128902,0.0167954004650523,0.17224792118764887
838.5525167_501.0905,-0.0166113779816324,-0.1294172707265505,-1.2290173850787671,0.2280266702419037,0.5465933419033869,0.0166113779816324,0.26233566278647963
738.5102716_434.94,-0.0165612354360535,-0.1097558388154985,-1.0498385252908204,0.3016567011723169,0.615710586458859,0.0165612354360535,0.21062337913364498
654.4971335_642.3785,-0.0165013780177794,-0.1145731976459141,-1.1501950133215075,0.258586872392743,0.5773926054796864,0.0165013780177794,0.23852878231870708
870.7302911_742.169,-0.0164603495923714,-0.426153756744829,-0.768097684121009,0.4480605589913223,0.7216181444997712,0.0164603495923714,0.14169255534824063
847.5990735_491.189,-0.0164406950902789,-0.419563487409704,-1.997900186113627,0.0542867181157135,0.2485599733949806,0.0164406950902789,0.6045688062384929
756.5569909_604.526,0.016432216452457,0.1366271033711449,0.8360447931208621,0.4093293399802195,0.7082874991165157,0.016432216452457,0.14979042319190547
682.6016096_690.989,0.016337342849814,0.1542235094264971,1.1152660806718124,0.2730421926075884,0.5934116986004923,0.016337342849814,0.22664389619315867
752.5624544_630.738,0.0163364246800064,0.1117919892113532,0.7294465630259277,0.4710345166350916,0.7354274541333328,0.0163364246800064,0.13346016158157323
763.5905498_554.077,-0.0163324151365997,-0.0885600001344789,-1.5526863881241877,0.1303334242821611,0.3978342351683945,0.0163324151365997,0.40029784689038705
895.6845467_718.1105,-0.0162709855294696,-0.3710003844089513,-0.9142638169509764,0.3674161385993031,0.6725925907128902,0.0162709855294696,0.17224792118764887
638.5662204_643.76,-0.0162322849865022,-0.0957198386381979,-0.8890284012853501,0.3806224263611122,0.6776277169859971,0.0162322849865022,0.16900883837999292
868.6104528_608.21,-0.0162194860358933,-0.0887372670275293,-0.9187749674302136,0.3650872111770867,0.6725925907128902,0.0162194860358933,0.17224792118764887
662.6116427_697.106,0.0161895967713414,0.121890075342771,1.4103834438558942,0.1680736677513179,0.4612719123547774,0.0161895967713414,0.3360429895294103
804.5589555_502.5385,0.016131297859795,0.0836410115129715,0.7945044076534818,0.4327549898269642,0.7119766884620502,0.016131297859795,0.14753422579858694
734.5371857_554.122,-0.0160435187416097,-0.1002226964415742,-1.2407534513886762,0.2237167051035857,0.5394352504716637,0.0160435187416097,0.26806067711724735
718.5421873_630.353,-0.0160019674050162,-0.2705723674021102,-0.7262569553079257,0.4729603714540262,0.7356158449141821,0.0160019674050162,0.13334892477832674
992.8094221_718.046,-0.0159926385232875,-0.0860589623197299,-1.0639083507154294,0.2953329555671636,0.6109044639270008,0.0159926385232875,0.21402670143243457
869.6035513_586.965,-0.0158975899191719,-0.0646752596543371,-0.8309540804757191,0.412156951451302,0.7083842911561767,0.0158975899191719,0.14973107811413797
886.638439_645.7355,0.0158025828212391,0.0605431183142466,1.2559073593262118,0.2182422087813657,0.5309474631546659,0.0158025828212391,0.27494844989936656
964.768536_678.521,-0.0157705410683705,-0.0823776460519034,-0.9669091673070248,0.3408407468507428,0.6460121132171057,0.0157705410683705,0.18975933857763153
795.5357184_546.208,0.0156966329078068,0.0715015776299202,0.5807818010210593,0.5654557399265817,0.8085025053336212,0.0156966329078068,0.09231862999273005
1063.849253_753.576,-0.0156868608218127,-0.075144135038521,-0.9781296801948968,0.3353474205544016,0.6430779947102054,0.0156868608218127,0.19173635115341442
766.5315959_559.064,-0.0155863507962425,-0.1412477590834423,-0.928661380067551,0.3600171036784372,0.6714277791714561,0.0155863507962425,0.1730006945278319
743.5452372_544.7225,0.0155570951388779,0.0306732120760991,0.9011899490622982,0.3742202778697526,0.6739279491674482,0.0155570951388779,0.17138653217630812
580.4956943_552.33,-0.0155159475976044,-0.0622365750389056,-1.0808087364260517,0.2878606959846418,0.6015550441730336,0.0155159475976044,0.22072462719883731
966.852824_837.237,-0.0155113227138834,-0.0735430673471271,-0.8624266096797333,0.3948702262511334,0.6961999621282472,0.0155113227138834,0.1572660046763982
764.5459437_551.521,0.0154896638702679,0.1201243085919841,1.3819038900115077,0.1765728825872915,0.4696520178212595,0.0154896638702679,0.3282238074128801
776.5010811_408.2375,-0.0154484165538483,-0.0742078472137769,-1.039296238860634,0.3064564447143841,0.615710586458859,0.0154484165538483,0.21062337913364498
606.5848965_694.108,0.0153625188761297,0.1165325834315674,1.8307789979103464,0.07645999574206,0.3010381474868546,0.0153625188761297,0.5213784672191254
883.5363191_480.227,-0.0153334176159571,-0.1847520197897649,-0.6779060687507006,0.5027039164745631,0.7601181668400167,0.0153334176159571,0.11911888769637617
885.5521846_515.287,-0.0153246035494238,-0.0474652905111609,-1.0370682652091885,0.3074775566733198,0.615710586458859,0.0153246035494238,0.21062337913364498
752.5370408_527.3825,0.0151669261703696,0.1634725981311767,1.0253224086591564,0.3128998279413368,0.6163317528176429,0.0151669261703696,0.21018545725998594
560.4777242_504.937,-0.0151632389525328,-0.1397820983931899,-0.900816875519445,0.3744156305168316,0.6739279491674482,0.0151632389525328,0.17138653217630812
790.6183393_601.8085,-0.0150603990549589,-0.0946723216727908,-1.2804030953154972,0.2096070650182887,0.513002276245962,0.0150603990549589,0.28988070787284737
700.5312989_618.676,-0.0150451983336275,-0.0674459528702499,-0.7808829011560887,0.4406102344812277,0.7196339501046104,0.0150451983336275,0.1428883561723859
927.6815452_698.0225,-0.0149748094918071,-0.0336764207860482,-0.6468258583903014,0.5223575928298614,0.776064315438491,0.0149748094918071,0.11010228559413596
871.6171597_625.256,0.0149646664560859,0.0484159265130262,0.7706901084227882,0.4465438441404907,0.721505948213355,0.0149646664560859,0.14176008416080058
682.6375183_701.3865,-0.0148260009944605,-0.0804050468635676,-1.0303154788860909,0.3105868534401374,0.6163317528176429,0.0148260009944605,0.21018545725998594
722.5157683_578.5995,-0.0148103050848447,-0.0752510008698663,-0.8264094230323181,0.4146914827808812,0.7083842911561767,0.0148103050848447,0.14973107811413797
838.7462564_795.753,-0.0146860427183107,-0.0924753387315165,-0.910078278671952,0.3695856167961275,0.6738529702211273,0.0146860427183107,0.17143485300087424
754.5690861_628.972,0.0146542216178714,0.1041069532061891,0.6882713710413374,0.4962415185339788,0.7592280383531743,0.0146542216178714,0.11962776175408368
750.5467584_601.489,0.0146421031702079,0.1187797065754643,0.6226012170953268,0.5379584374575112,0.7843222299246361,0.0146421031702079,0.10550547567359468
748.5228149_547.052,0.0146173222297551,0.1839238197608776,0.6040893986260154,0.5500433192180494,0.7934253188720536,0.0146173222297551,0.10049394493701871
835.5703947_549.4535,-0.0146138696562496,-0.0901675288881165,-1.6205434250912318,0.1149297742663771,0.3745506150568025,0.0146138696562496,0.42648948542902476
901.6668162_675.826,-0.0145485749886527,-0.1114083624813263,-1.2433339290061325,0.2227772823584983,0.5387640508076443,0.0145485749886527,0.26860139041143677
652.5910429_693.977,0.0145398502400223,0.1110934832157858,1.7359082753532007,0.0922012590444371,0.3400182177430602,0.0145398502400223,0.46849781338913854
843.6344034_632.646,0.0145185095023202,0.0689007526123068,0.6344012604685579,0.5303286108714194,0.7787708429913636,0.0145185095023202,0.10859031673726727
886.5818135_602.237,-0.0145022673481116,-0.0869970914523692,-0.7774581802961211,0.4425985946783793,0.7214357093257584,0.0145022673481116,0.14180236495734275
966.7939526_714.101,-0.0144328224062458,-0.0630017802419752,-1.0426995626504545,0.3049012009440096,0.615710586458859,0.0144328224062458,0.21062337913364498
895.5847196_574.4305,0.0143961681495877,0.0458634269555379,1.052487770318046,0.3004588238672565,0.615710586458859,0.0143961681495877,0.21062337913364498
784.5521059_536.267,0.014185489452628,0.1080081839176133,0.7437891808804352,0.462430806007601,0.733220985540106,0.014185489452628,0.13476511357637594
893.5387442_505.782,0.0141618497193557,0.0930057667774783,0.973736425307048,0.3374911133137522,0.6440778354609352,0.0141618497193557,0.19106164588777108
872.5960075_616.402,0.0141581752411299,0.0693870535486858,1.2119877050073324,0.234390399434495,0.5537048566351115,0.0141581752411299,0.25672166720401496
680.4894666_534.058,0.0141386551163087,0.0460780450883092,0.9029614704714608,0.3732935568560205,0.6739279491674482,0.0141386551163087,0.17138653217630812
897.7226207_810.897,0.014007538907868,0.1770297271759343,1.0930983402466543,0.2825115611003417,0.5973148139646351,0.014007538907868,0.22379671421104694
764.5627387_641.006,-0.0139992106319791,-0.1085478329770123,-0.6423439220334114,0.5252255332969539,0.776064315438491,0.0139992106319791,0.11010228559413596
770.5639273_558.039,0.0139559737100475,0.0714276373268595,0.6817409764659207,0.5003075690873642,0.7596145387327969,0.0139559737100475,0.11940673162459019
742.54202_544.7095,0.0139547853719776,0.0259447376125099,0.8580268102737443,0.3972589129117231,0.6961999621282472,0.0139547853719776,0.1572660046763982
906.625403_618.1645,0.0139305706306906,0.0852050107556341,1.1354913282400485,0.2646028970816884,0.5797079600042366,0.0139305706306906,0.23679073626510597
956.8694442_851.675,-0.0139278430113699,-0.0561139144090868,-0.6272620213922022,0.5349379087955373,0.7813161212694675,0.0139278430113699,0.10717321459207595
914.6575093_652.4255,0.0139214195650925,0.0380983922552805,0.7187989836404631,0.477481093218875,0.7387827568169133,0.0139214195650925,0.13148324954291757
859.6054549_586.153,-0.0138975893920411,-0.0486254843773157,-0.8886895053619034,0.3808018335945848,0.6776277169859971,0.0138975893920411,0.16900883837999292
724.5217413_578.61,-0.0137267649374605,-0.0711029988615256,-0.7593007331871099,0.4532300684287431,0.7257023688986752,0.0137267649374605,0.13924145925558934
834.5663027_549.444,-0.0136151979600261,-0.0815959544684294,-1.4920807751381313,0.1454719131086412,0.4204241460409311,0.0136151979600261,0.376312349277484
747.5667775_527.342,-0.0136132547622837,-0.0357868655985727,-1.0292398713565998,0.311084113223372,0.6163317528176429,0.0136132547622837,0.21018545725998594
1249.816539_594.578,0.0136089913172223,0.0699442909529963,0.6542128641045168,0.5176491889833645,0.7747146889979829,0.0136089913172223,0.11085820950340601
900.5780798_500.3585,0.0135461244014748,0.070381824071051,0.7218468263559794,0.4756306275524238,0.7383599265813817,0.0135461244014748,0.13173188204829786
778.5785844_608.4325,-0.0135246475141008,-0.0706470455454762,-0.9583922759204724,0.3450505209151201,0.649459987403748,0.0135246475141008,0.18744760022612741
886.5982263_561.966,-0.0134463080433232,-0.1968163608783392,-1.452847149389206,0.1560026659143081,0.439938313910592,0.0134463080433232,0.3566082139827476
876.5780682_508.413,0.0134045367986032,0.0713096829579862,1.0180899705242286,0.3162711814245675,0.619617819377458,0.0134045367986032,0.20787610100640763
871.5826405_586.2835,0.0133253252364988,0.0232164581907035,0.7723611625386962,0.4455678073036703,0.721505948213355,0.0133253252364988,0.14176008416080058
829.6470508_626.8525,0.0132741932156819,0.074948251518785,0.5238111817727688,0.6040191415425047,0.8400607514626985,0.0132741932156819,0.07568930552029053
849.5520428_530.8165,-0.013265461458253,-0.1125898560463621,-0.8406672368812863,0.4067723239883903,0.7068644862484822,0.013265461458253,0.15066383728587243
914.8215577_820.973,0.0132522960773694,0.0731587686762744,0.8936003290550562,0.3782074230474203,0.6774484610629616,0.0132522960773694,0.16912373946074097
869.6945671_685.88,-0.0132498875293409,-0.1287944036855013,-1.007162332458902,0.3214122435183142,0.6222113502789219,0.0132498875293409,0.2060620708252851
800.5476933_511.018,0.0132029189182215,0.0712204438478173,0.7995095997730801,0.4298900539095683,0.7119766884620502,0.0132029189182215,0.14753422579858694
782.5358405_496.351,-0.0131497062613196,-0.1868357113621207,-0.515637365706802,0.6096521217225628,0.8418996370600511,0.0131497062613196,0.0747396777033359
873.5435439_492.338,-0.0131168213330501,-0.1147443415937908,-0.8019272578081291,0.4285103457823348,0.7119766884620502,0.0131168213330501,0.14753422579858694
888.6127844_597.684,0.0130923468870403,0.0600231576444152,0.8283717587214932,0.4135959164527272,0.7083842911561767,0.0130923468870403,0.14973107811413797
794.5739996_586.17,-0.013085560844501,-0.0333815153158148,-0.7560233928649422,0.4551649722449922,0.7273714752542522,0.013085560844501,0.13824373432692236
911.5663735_517.0315,0.0130567240941982,0.0690285863522594,0.925419948316577,0.3616743015121019,0.6725925907128902,0.0130567240941982,0.17224792118764887
847.5851216_618.04,0.0130502842007134,0.0728963706596312,0.6131502919150732,0.5441107155202015,0.790871907347409,0.0130502842007134,0.10189385080948932
864.5773625_542.602,-0.013016688998378,-0.2178647338691256,-0.5133634025014473,0.6112235603092474,0.8418996370600511,0.013016688998378,0.0747396777033359
843.534255_525.125,0.0128976805931639,0.0720616193288821,0.7844840251134957,0.4385252526435866,0.7191108267696642,0.0128976805931639,0.14320417255814855
509.2892247_119.038,0.0128803779038135,0.0848012428521563,0.5113836926036724,0.6125931819922199,0.8419282349471487,0.0128803779038135,0.07472492571500233
872.5405461_492.221,-0.0128440192938756,-0.1114182826502016,-0.8055077172491817,0.4264720143935987,0.7119766884620502,0.0128440192938756,0.14753422579858694
889.5835146_555.788,0.0128115476371784,0.0624891190441142,0.8268221754182992,0.4144608951797276,0.7083842911561767,0.0128115476371784,0.14973107811413797
1063.86043_767.9215,-0.0127732778625318,-0.0662284000651872,-1.0736659519797374,0.2910023280610423,0.6050175953309936,0.0127732778625318,0.21823199486151534
808.5517625_530.817,0.0127551007630138,0.1190783936537735,0.7963932152477242,0.4316724924128939,0.7119766884620502,0.0127551007630138,0.14753422579858694
848.6788335_722.376,0.012748673034501,0.0731795337118856,0.8195775299537812,0.4185197075152574,0.7091342237524633,0.012748673034501,0.1492715544954662
852.5779163_541.68,0.0127406966815417,0.0374245167612248,0.765612622700629,0.449517334208373,0.7216181444997712,0.0127406966815417,0.14169255534824063
279.233281_545.597,-0.0127393544326828,-0.0562390936561928,-0.4817991574366439,0.6332274791631065,0.8521584374844238,0.0127393544326828,0.06947965156169679
831.661665_662.1865,0.0126969776194972,0.0355302749252108,0.7422935348274541,0.4633236902492694,0.733220985540106,0.0126969776194972,0.13476511357637594
712.6485938_723.143,0.0125491950736187,0.0819209359682193,0.7435095010400439,0.4625976953236277,0.733220985540106,0.0125491950736187,0.13476511357637594
987.7242258_808.7425,-0.0124678599273398,-0.1332471441455268,-0.7511509717601067,0.4580505807078083,0.7291234829626246,0.0124678599273398,0.13719891416782062
870.5895736_533.8755,0.0124265693455638,0.049724526656426,0.7949533665632784,0.4324975373018022,0.7119766884620502,0.0124265693455638,0.14753422579858694
758.5726979_602.5905,-0.0124258961272965,-0.0765985061636759,-0.640620714211173,0.526330436921522,0.776064315438491,0.0124258961272965,0.11010228559413596
622.607817_708.6,0.012304812650541,0.0635075289119646,0.9140488032674404,0.3675273831648352,0.6725925907128902,0.012304812650541,0.17224792118764887
583.2568014_110.963,0.0122087303747452,0.1746417022747327,0.5834138577096666,0.5637044230381709,0.8074149468824416,0.0122087303747452,0.09290321518272486
767.535331_559.158,-0.0122012564338466,-0.1197249223739619,-0.9172833300613048,0.3658562133869999,0.6725925907128902,0.0122012564338466,0.17224792118764887
680.513255_642.672,-0.0121877750531507,-0.065507370733403,-0.7818269119404878,0.440063095289585,0.7196339501046104,0.0121877750531507,0.1428883561723859
622.4117387_312.61,-0.0121304042214223,-0.0956004254115186,-0.8377236537958394,0.4083994815495558,0.7081820797082724,0.0121304042214223,0.14985506710386023
807.577707_544.812,0.0120431591180113,0.0244375519307595,0.609120943537081,0.5467448054519048,0.790871907347409,0.0120431591180113,0.10189385080948932
796.6706736_688.7335,-0.0119471341734976,-0.0615728325044658,-1.0257615784093237,0.3126959129639245,0.6163317528176429,0.0119471341734976,0.21018545725998594
837.586606_567.1725,-0.0118688692120878,-0.0517201356577857,-0.8337706155139202,0.4105910242290724,0.7083842911561767,0.0118688692120878,0.14973107811413797
790.5624615_558.235,-0.0118445234745229,-0.0712956824413934,-0.7950583232701586,0.4324373639682547,0.7119766884620502,0.0118445234745229,0.14753422579858694
953.7841559_861.475,-0.0117973449096966,-0.0921433981209634,-0.6084635448255497,0.5471751909337772,0.790871907347409,0.0117973449096966,0.10189385080948932
705.5216749_437.156,0.0117522898695259,0.1088318205553927,1.2860580697413695,0.2076508948519784,0.5128347857707951,0.0117522898695259,0.29002252413680585
855.5057452_432.665,0.0116964827385143,0.1773182098501539,0.6811450983777146,0.5006795029931321,0.7596145387327969,0.0116964827385143,0.11940673162459019
845.6772806_680.561,-0.0116799319004572,-0.0478402792884314,-0.8080338239743222,0.4250374881616549,0.7119766884620502,0.0116799319004572,0.14753422579858694
714.5106142_577.629,-0.0115474108111511,-0.142641883487233,-0.806152138327395,0.4261057796379477,0.7119766884620502,0.0115474108111511,0.14753422579858694
868.6907172_686.558,-0.0115167722466961,-0.1411647534476955,-0.875706299047242,0.3877159011196203,0.6859526681339723,0.0115167722466961,0.16370585029531184
870.6682425_661.362,-0.0115137159047623,-0.0740781695258388,-0.7697934339709941,0.4470681028806678,0.721505948213355,0.0115137159047623,0.14176008416080058
766.5259346_464.619,-0.0114678656029709,-0.0705946404446162,-0.7385676837820294,0.4655523530134392,0.7353200924533972,0.0114678656029709,0.1335235668687075
650.611377_711.5595,0.0114652056485468,0.0980401068576825,1.165303855144052,0.2525091569514,0.5701939818294387,0.0114652056485468,0.2439773708077916
746.5145804_566.095,-0.0114237918940849,-0.056272765729252,-0.6799293857847769,0.5014387998015273,0.7596145387327969,0.0114237918940849,0.11940673162459019
791.621785_602.22,-0.0114182703369888,-0.0741509002032138,-0.8906631439220605,0.3797577782295942,0.6776277169859971,0.0114182703369888,0.16900883837999292
792.5581804_615.174,-0.0113662804431806,-0.1187475042320994,-0.9544110652366232,0.3470302383606154,0.6513589839990932,0.0113662804431806,0.18617959238412357
790.5178488_501.436,-0.0113053023048979,-0.0511004192992879,-0.6294300467357586,0.533535934698417,0.7806674807526208,0.0113053023048979,0.1075339110975111
592.3535842_130.896,-0.0112433938871406,-0.1091658885436916,-0.6387469448261393,0.5275332892673914,0.776064315438491,0.0112433938871406,0.11010228559413596
696.4986287_554.119,0.0111962963047548,0.0985767050587356,0.5787604950925642,0.5668025322120674,0.8090088682186252,0.0111962963047548,0.09204671769884779
696.6000681_699.117,0.0111525647553993,0.0566521310227039,0.6662440673945548,0.510030128829026,0.766927223239218,0.0111525647553993,0.11524584601869323
658.593697_720.3035,-0.0111374440753992,-0.0946229402322508,-0.7321200700911853,0.4694237755591471,0.7354274541333328,0.0111374440753992,0.13346016158157323
979.8003721_859.49,0.0109901070220202,0.1058912787409382,0.9130024282403592,0.3680690741815325,0.6725925907128902,0.0109901070220202,0.17224792118764887
835.5865907_614.083,0.0108809170281827,0.0493575583573028,0.7310808437742601,0.4700495119092945,0.7354274541333328,0.0108809170281827,0.13346016158157323
1121.916784_797.767,-0.0108505977269604,-0.0606136919244854,-0.6082687271781,0.5473027677839738,0.790871907347409,0.0108505977269604,0.10189385080948932
564.4042212_481.919,-0.0108134586961206,-0.0637168687697748,-1.1042942224503771,0.2777002509260294,0.5973148139646351,0.0108134586961206,0.22379671421104694
917.6545345_724.396,-0.0107014153712652,-0.1077628826355766,-0.4013463553262088,0.6908328298911542,0.8645312281279188,0.0107014153712652,0.06321931475710423
822.5321966_456.54,0.0106499539085334,0.1047579942154178,0.7356109204048118,0.4673254090508206,0.7354274541333328,0.0106499539085334,0.13346016158157323
744.5582812_634.7545,0.0106254390432239,0.1331103865260048,0.6510554455825296,0.5196588777872597,0.7756812919351953,0.0106254390432239,0.1103166828465057
819.5750318_574.723,-0.0105446580479836,-0.0453202122520809,-0.8097052854930354,0.4240899230831711,0.7119766884620502,0.0105446580479836,0.14753422579858694
748.516296_485.219,0.0105437130205195,0.2739478675619789,0.7184126158583181,0.4777159666779305,0.7387827568169133,0.0105437130205195,0.13148324954291757
878.5839161_532.295,0.0104140965128734,0.0492053190822299,0.9019968657754018,0.3737979776605161,0.6739279491674482,0.0104140965128734,0.17138653217630812
943.6551824_698.0355,-0.0104138740123251,-0.0296116087354734,-0.3870043889214813,0.7013148256670181,0.8673316887991195,0.0104138740123251,0.061814785952371096
880.6100316_602.809,0.0103980039489011,0.0381982755439507,0.6671305187785666,0.509471201265822,0.766927223239218,0.0103980039489011,0.11524584601869323
662.5973843_719.567,-0.0103895066996579,-0.0879748757963206,-0.6435138926134379,0.5244760690468159,0.776064315438491,0.0103895066996579,0.11010228559413596
881.6779558_635.194,-0.010383942070478,-0.0550028567132136,-0.7520014502403872,0.4575461260894549,0.7291234829626246,0.010383942070478,0.13719891416782062
929.6403577_680.807,0.0103347596097233,0.0273838264249142,0.5984018310867597,0.5537842247058699,0.7959928853925269,0.0103347596097233,0.09909081398164624
853.4975177_414.708,-0.0102448912939804,-0.0647754535520678,-0.8439760028229504,0.4049481442142401,0.7051981571252257,0.0102448912939804,0.15168883130095023
728.5616109_656.94,-0.0102384964785031,-0.0540487644377722,-0.5334223246159597,0.5974271253213548,0.8323130036528277,0.0102384964785031,0.07971332010866977
774.5472825_610.364,-0.010216884594031,-0.0550869462212925,-0.6839031727586752,0.4989592640078519,0.7596145387327969,0.010216884594031,0.11940673162459019
879.6612623_605.4365,-0.0101291079234131,-0.0590180112102051,-0.7094204387284366,0.4832009808531873,0.7444400744713566,0.0101291079234131,0.12817025610370977
833.5942695_558.083,-0.0100857450879839,-0.0547550962820953,-0.5985790704056771,0.5536674516682101,0.7959928853925269,0.0100857450879839,0.09909081398164624
881.5270761_497.31,-0.0100601008847364,-0.0402272849361758,-0.4373279558689857,0.6648109110682313,0.8597139069450451,0.0100601008847364,0.06564604794984137
773.5992293_594.81,0.0099505384358009,0.0447689866385922,0.5132373030440928,0.6113107572407747,0.8418996370600511,0.0099505384358009,0.0747396777033359
871.5363072_492.305,-0.0099205035033906,-0.0843871409530249,-0.6459256804932906,0.5229329293187395,0.776064315438491,0.0099205035033906,0.11010228559413596
770.5735299_611.736,-0.0099004620541353,-0.0449673114064152,-0.4920260508133748,0.626059532658708,0.8475722908917724,0.0099004620541353,0.07182324982522113
1083.665099_116.3575,0.0098920319853942,0.0884345581325778,0.4931962438154726,0.6252416909007517,0.8475722908917724,0.0098920319853942,0.07182324982522113
592.5696275_675.4935,0.0097913814713255,0.0573340664707582,0.9185342908567964,0.3652112185496831,0.6725925907128902,0.0097913814713255,0.17224792118764887
794.5739477_626.4835,-0.0097453692940217,-0.11701628510477,-0.5603131680831054,0.579167843855197,0.8191467685929084,0.0097453692940217,0.08663827762984201
818.5944742_602.429,-0.0097318589083332,-0.0636996500586937,-0.5129067378353719,0.6115393682693868,0.8418996370600511,0.0097318589083332,0.0747396777033359
654.5981134_727.688,0.0096717076544848,0.0835459334270189,0.9151328308996374,0.36696674888648,0.6725925907128902,0.0096717076544848,0.17224792118764887
878.5951033_597.5845,-0.0095805260798297,-0.1094125148052905,-0.4408047298966983,0.6623181317359286,0.8597139069450451,0.0095805260798297,0.06564604794984137
652.4571014_469.98,0.0095505060920277,0.0526351323219659,0.6878137904879099,0.4965258214015238,0.7592280383531743,0.0095505060920277,0.11962776175408368
664.626939_709.509,0.0095085389232785,0.0818267384334157,0.6398947786733996,0.5267962716375101,0.776064315438491,0.0095085389232785,0.11010228559413596
624.5594859_656.98,-0.0094969342841326,-0.0739994055764097,-1.010212444482371,0.3199715558009649,0.6222113502789219,0.0094969342841326,0.2060620708252851
730.5559672_739.499,0.0094782553056827,0.0211858375821145,0.4546326888406487,0.6524427212474815,0.8597139069450451,0.0094782553056827,0.06564604794984137
812.5476273_489.053,0.0094398342948166,0.1101488322246678,0.4496512069963058,0.6559930807048353,0.8597139069450451,0.0094398342948166,0.06564604794984137
1119.908621_797.799,-0.0094323684202405,-0.0465547309342367,-0.5729087817240143,0.5707105760189073,0.8117436639710461,0.0094323684202405,0.09058109255493409
901.5074627_473.186,-0.009389096565709,-0.0473284966008275,-0.7120870920224239,0.4815706590579777,0.7433334983565375,0.009389096565709,0.12881629525626545
722.5158527_554.993,0.0093682604906412,0.0756842859212355,0.4002595682078578,0.6916249825023351,0.8645312281279188,0.0093682604906412,0.06321931475710423
303.2334275_622.001,-0.0093251374917286,-0.0378450171651954,-0.481005099665766,0.6337855518232217,0.8521584374844238,0.0093251374917286,0.06947965156169679
712.4944842_526.1425,0.0092659717962659,0.1501151005366536,0.6304837834729441,0.5328552289259771,0.7806674807526208,0.0092659717962659,0.1075339110975111
800.6298231_635.829,-0.0091876371212423,-0.045374264283891,-1.0488446654005157,0.3021069406925691,0.615710586458859,0.0091876371212423,0.21062337913364498
916.8378314_837.379,-0.0091753953850758,-0.0430879016260875,-0.7724789949485189,0.4454990313088692,0.721505948213355,0.0091753953850758,0.14176008416080058
882.6243981_615.979,0.0091722579893921,0.0374872160851458,0.5969316612374045,0.554753323807307,0.7959928853925269,0.0091722579893921,0.09909081398164624
730.5789159_662.83,0.009160589806304,0.051773232862981,0.4232411103993085,0.674950443602252,0.8597139069450451,0.009160589806304,0.06564604794984137
772.5156252_462.1045,-0.0091449622191558,-0.1406557313521526,-0.5345717417185791,0.5966410702053137,0.8323130036528277,0.0091449622191558,0.07971332010866977
793.5382066_546.534,0.0091403748294255,0.0356906184025409,0.3764906768732332,0.7090370442253402,0.8702401665785444,0.0091403748294255,0.060360875397657894
923.7163336_742.623,-0.0091267532238223,-0.1749799643162166,-0.4525322819318833,0.6539387060948252,0.8597139069450451,0.0091267532238223,0.06564604794984137
836.5827247_580.011,-0.0090726780231038,-0.0491091691248936,-0.5761639708158394,0.5685349517370464,0.8100629120029595,0.0090726780231038,0.0914812511525421
842.6649069_661.06,0.0090550983427527,0.0542790941874224,0.7296221639324436,0.470928622248657,0.7354274541333328,0.0090550983427527,0.13346016158157323
311.2960548_465.38,0.0089835353483087,0.0483427657849583,0.4444899321745029,0.6596801857353075,0.8597139069450451,0.0089835353483087,0.06564604794984137
816.6339048_609.0395,-0.0089798803932021,-0.0525141521244807,-0.6959496174857647,0.4914844829103839,0.7557733086263451,0.0089798803932021,0.12160844996992268
903.6357128_682.393,-0.0089764394225499,-0.021244714223279,-0.3447698175775308,0.7325232124744414,0.8792436202749186,0.0089764394225499,0.055890774207438106
841.5807093_556.3875,-0.0088803401244165,-0.1045108353801436,-0.4095588084228637,0.6848583372065375,0.862688631875314,0.0088803401244165,0.06414592486272247
776.5530719_610.353,-0.0088675061889707,-0.048410334492781,-0.5652386719749319,0.5758533029662914,0.8176314319120688,0.0088675061889707,0.0874424214613449
654.6058211_667.739,0.0088628772083212,0.0393478977881344,0.500359107829679,0.6202461594559501,0.8439075458373946,0.0088628772083212,0.0737051298340719
622.5802967_677.5405,-0.0088484930788012,-0.0710537140211542,-0.8795637219367275,0.3856533483491126,0.684765749247335,0.0088484930788012,0.16445797041747656
806.5873838_648.756,0.0088222138511171,0.0424370705843003,0.3827915039228872,0.7044053252099618,0.8685179123239317,0.0088222138511171,0.06122122022986856
914.6692662_680.748,-0.0088138522211289,-0.0220865357236717,-0.5211574426098415,0.6058452797675298,0.8411650817896709,0.0088138522211289,0.0751187639229701
816.615267_646.074,0.0087951866974582,0.0469490602867616,0.7740853271453426,0.4445620853540352,0.721505948213355,0.0087951866974582,0.14176008416080058
909.5524465_503.874,0.0087246819655707,0.048223432839463,0.9004874684440837,0.3745881729728271,0.6739279491674482,0.0087246819655707,0.17138653217630812
1107.66484_112.467,-0.0086346512380144,-0.0602813783046059,-0.4797401018850832,0.6346750571203009,0.8521584374844238,0.0086346512380144,0.06947965156169679
921.7224671_806.4935,0.0086293630742647,0.15335447272108,0.7651414028400142,0.4497938863875874,0.7216181444997712,0.0086293630742647,0.14169255534824063
946.6942169_679.4755,-0.0086013693987236,-0.0561699694009764,-1.0074323577139153,0.3212845212413261,0.6222113502789219,0.0086013693987236,0.2060620708252851
913.5835934_543.7745,-0.0085815957983522,-0.0439588525838652,-0.4727502884970187,0.6396000044009048,0.8531489420404867,0.0085815957983522,0.06897514344012434
666.6066275_708.654,0.008570478720677,0.0432918077326372,0.6535657327762058,0.5180607429495714,0.7747146889979829,0.008570478720677,0.11085820950340601
876.7104372_688.6965,-0.0085664109298581,-0.0381462560467314,-0.5617101383873069,0.5782268217939234,0.8191467685929084,0.0085664109298581,0.08663827762984201
702.5366488_618.304,-0.0085603027485434,-0.0404237111158397,-0.4166028591860906,0.6797502308112391,0.8597139069450451,0.0085603027485434,0.06564604794984137
831.5304344_529.459,-0.0085026038418393,-0.0305724637737197,-0.5168768130844779,0.6087963853832838,0.8418996370600511,0.0085026038418393,0.0747396777033359
283.2648642_909.3,0.0085001873389229,0.0311114922311467,0.3809186405474122,0.7057808723400567,0.8688994123219732,0.0085001873389229,0.06103049651103827
869.6398761_616.402,0.0084974872857718,0.0294020396893025,0.4247636662308929,0.6738515002767455,0.8597139069450451,0.0084974872857718,0.06564604794984137
1247.803038_566.126,0.0084166919846831,0.0422074406083701,0.6759662517935672,0.5039184808029871,0.7605436330637676,0.0084166919846831,0.11887586503605214
582.379723_262.324,-0.0082648546062761,-0.0501795829355498,-0.501508122392846,0.6194465096342028,0.8439075458373946,0.0082648546062761,0.0737051298340719
726.6650571_737.524,-0.0081515817756093,-0.0506368479379549,-0.4502556136892537,0.6555618767825717,0.8597139069450451,0.0081515817756093,0.06564604794984137
806.5502196_568.8695,0.0081203098594475,0.0417681506927552,0.462194715476051,0.6470689284855126,0.8583484773923465,0.0081203098594475,0.06633635890760636
838.5633857_533.1405,0.0080820099132613,0.0764348792671205,0.5438125808229416,0.5903395067299766,0.8266781752318401,0.0080820099132613,0.08266352783914116
898.5630106_482.062,0.0080798377480354,0.0452424441675444,0.681354846008163,0.5005485656594725,0.7596145387327969,0.0080798377480354,0.11940673162459019
895.5354066_480.2285,-0.0080791140106944,-0.0752643709491416,-0.6593363835048394,0.5143970667085391,0.7720692621868497,0.0080791140106944,0.11234373744111728
1103.854096_735.395,-0.0080371549561548,-0.0747154978834531,-0.419411587185283,0.6777177060155681,0.8597139069450451,0.0080371549561548,0.06564604794984137
1115.852997_728.973,-0.0079691382509747,-0.0714310687901043,-0.4338975907808797,0.6672742271850909,0.8597139069450451,0.0079691382509747,0.06564604794984137
1117.8615_728.9895,-0.0079530282400527,-0.0717197104329858,-0.4269190660068757,0.672297032017464,0.8597139069450451,0.0079530282400527,0.06564604794984137
846.6364399_630.5825,0.0079430412990968,0.016734807043067,0.3665090701335496,0.7163975479312813,0.870821573977142,0.0079430412990968,0.060070820164747
981.6536708_683.5425,-0.007817429784243,-0.0216425341194122,-0.3177550844644117,0.7527350222329785,0.8850488974643503,0.007817429784243,0.053032734598997454
843.6800359_688.705,-0.0077808041088626,-0.0403982783094183,-0.6424509402039452,0.5251569553402948,0.776064315438491,0.0077808041088626,0.11010228559413596
828.5777977_574.526,0.0077583778443054,0.0509633291357369,0.3263633407020663,0.7462744290660472,0.8850488974643503,0.0077583778443054,0.053032734598997454
684.609401_769.029,0.0077181901667709,0.0445307471490463,0.4055319840596353,0.6877852686222554,0.8645312281279188,0.0077181901667709,0.06321931475710423
814.4762964_189.0865,-0.0076409580789984,-0.0399746742690657,-0.2975503826883856,0.7679695603523143,0.8916978839853928,0.0076409580789984,0.04978226394528239
874.5588627_510.022,-0.0075990154394229,-0.038698661211376,-0.4763771392338068,0.6370424687784273,0.8525280986115242,0.0075990154394229,0.0692912981174818
868.6450887_655.6865,-0.0075777536913802,-0.0281550837685559,-0.4210327669823756,0.6765456619566177,0.8597139069450451,0.0075777536913802,0.06564604794984137
706.6209951_708.9685,0.007552395548128,0.0400386787518759,0.4248759172289209,0.6737705090807534,0.8597139069450451,0.007552395548128,0.06564604794984137
862.5543126_520.2845,0.0075109653569171,0.0306618782633069,0.5591739299977495,0.5799358104025867,0.8191467685929084,0.0075109653569171,0.08663827762984201
854.5835104_540.901,0.0074887677079902,0.0221709629377702,0.4697203642723039,0.641740054188239,0.854604810724534,0.0074887677079902,0.06823466679001511
972.739734_687.624,0.0074699191897419,0.0331997487467741,0.4896914516092829,0.6276926113056092,0.84837392738652,0.0074699191897419,0.0714126868859757
904.6221947_571.929,0.007346067035717,0.037733108908637,0.322018805607398,0.7495327504336675,0.8850488974643503,0.007346067035717,0.053032734598997454
618.5846177_681.282,0.00733963853318,0.034512656670813,0.4974704309241035,0.6222585937093599,0.8452345897885472,0.00733963853318,0.0730227384927555
756.5569235_568.893,0.0071129647111178,0.0450273123087177,0.4574923739952822,0.6504083042116509,0.8591292835210623,0.0071129647111178,0.06594147773450845
860.6125291_526.315,-0.0069826111972067,-0.0200381824977625,-0.47680841709423,0.6367386460870434,0.8525280986115242,0.0069826111972067,0.0692912981174818
857.5208654_467.565,-0.0069712222006048,-0.0526091561569335,-0.3849363598869242,0.7028312531654473,0.8678901080755145,0.0069712222006048,0.061535261549051985
756.612891_657.781,-0.0069286827017547,-0.0366369649831787,-0.3898881045368928,0.6992023582031157,0.8673316887991195,0.0069286827017547,0.061814785952371096
764.5030384_493.767,0.0069231498115643,0.0388085963494511,0.4339299789306553,0.6672509519008147,0.8597139069450451,0.0069231498115643,0.06564604794984137
839.5653506_521.0015,-0.0069187387219781,-0.0496855148605334,-0.4292581827177092,0.6706117266223208,0.8597139069450451,0.0069187387219781,0.06564604794984137
800.5253431_480.4525,-0.0068317296071544,-0.0551976231627474,-0.3430519146292747,0.7338029163206137,0.8794843776489708,0.0068317296071544,0.05577187054546771
858.6059367_586.079,-0.0068021854453195,-0.0175188030348074,-0.4147050174743799,0.6811249790424894,0.8597139069450451,0.0068021854453195,0.06564604794984137
929.5391582_520.247,-0.0067127922912438,-0.0171679095147211,-0.4148218619118584,0.6810403077895921,0.8597139069450451,0.0067127922912438,0.06564604794984137
691.5048111_402.884,0.0066988537935776,0.0748591830828205,0.5446569740059308,0.5897652971946248,0.8266781752318401,0.0066988537935776,0.08266352783914116
738.5105487_528.026,-0.0066925813365909,-0.099065253001657,-0.3035966195363409,0.7634004712470074,0.8888162629518729,0.0066925813365909,0.05118800757119273
612.550915_677.419,0.0066513691973548,0.0475026543368917,0.4257486179035595,0.6731409743797231,0.8597139069450451,0.0066513691973548,0.06564604794984137
870.5804712_602.491,0.0065384722269324,0.0298564220986427,0.3457750877711913,0.731774725357752,0.8792436202749186,0.0065384722269324,0.055890774207438106
724.5312613_611.134,-0.006533947756448,-0.0612796395565801,-0.4294412218651717,0.6704799221856277,0.8597139069450451,0.006533947756448,0.06564604794984137
902.7253315_757.115,-0.0064960386458026,-0.0337561486743779,-0.4612900342268173,0.6477108142285805,0.8583484773923465,0.0064960386458026,0.06633635890760636
1175.778444_560.484,0.0064739504660788,0.0599612495710959,0.324645276889882,0.7475623812115582,0.8850488974643503,0.0064739504660788,0.053032734598997454
901.5466433_466.6795,-0.0064391966201105,-0.056908013931173,-0.8224790383296092,0.4168912032127856,0.7091342237524633,0.0064391966201105,0.1492715544954662
672.499651_576.301,0.0064369887601193,0.0413261962959229,0.318879030019273,0.7518904464974457,0.8850488974643503,0.0064369887601193,0.053032734598997454
636.5960557_691.767,0.0064364619102619,0.0559234280625265,0.5509471222918836,0.5854963401822972,0.8227233056009866,0.0064364619102619,0.0847462000919497
859.5363117_484.177,-0.0063853777241341,-0.0587877101873304,-0.4420634017786424,0.6614166519057346,0.8597139069450451,0.0063853777241341,0.06564604794984137
862.7029371_697.1195,-0.0063660100332943,-0.0198259740575721,-0.3907721520326063,0.6985552359614411,0.8673316887991195,0.0063660100332943,0.061814785952371096
560.4682776_455.762,-0.0063411950893605,-0.0509568389640241,-0.3938366867504379,0.6963137770645885,0.8673316887991195,0.0063411950893605,0.061814785952371096
774.5303666_493.8005,0.0063156923877397,0.0473180386206859,0.4816623602194288,0.6333236061988002,0.8521584374844238,0.0063156923877397,0.06947965156169679
862.5987667_596.48,-0.0062931784065451,-0.0491436543103006,-0.8169525880595462,0.419996359940783,0.7101598202318218,0.0062931784065451,0.1486439030640256
900.7097543_733.795,-0.0062653650915157,-0.0413369117834523,-0.3610788074000508,0.7204135370067823,0.8737158224114994,0.0062653650915157,0.05862979943327232
832.5893327_557.5515,0.0062608850536811,0.027860516911958,0.4284873560889932,0.6711669067093362,0.8597139069450451,0.0062608850536811,0.06564604794984137
1093.892063_796.668,-0.0062444408903047,-0.0280800139493265,-0.4208907600446396,0.6766482941964601,0.8597139069450451,0.0062444408903047,0.06564604794984137
773.5351936_570.372,-0.0062146088843296,-0.0333727946453669,-0.370736758577649,0.7132766027907579,0.8702401665785444,0.0062146088843296,0.060360875397657894
786.5674008_570.372,-0.0062140754068433,-0.0319510925121654,-0.5366694841067434,0.5952077539731498,0.8320657281099779,0.0062140754068433,0.07984236574294758
768.5562941_558.137,0.0061989297890102,0.0296018216297525,0.3878594267668288,0.700688214015471,0.8673316887991195,0.0061989297890102,0.061814785952371096
867.5413689_481.859,0.0061883141256063,0.0368487270739465,0.3879203122119499,0.700643602447741,0.8673316887991195,0.0061883141256063,0.061814785952371096
915.6371209_670.896,-0.0061852598385597,-0.0260073215283446,-0.3123700744356744,0.756785810448136,0.8850488974643503,0.0061852598385597,0.053032734598997454
694.6754603_773.55,0.006184993631572,0.0616943536267275,0.7939760567140082,0.4330580881655484,0.7119766884620502,0.006184993631572,0.14753422579858694
728.524726_520.957,-0.0061473691547918,-0.039656406063411,-0.5026597341295062,0.6186455252702449,0.8439075458373946,0.0061473691547918,0.0737051298340719
837.5491873_500.79,-0.0061373447302098,-0.0477485788724219,-0.5544033872070003,0.5831570796033037,0.8208515023777072,0.0061373447302098,0.08573540260172764
930.6574543_682.428,-0.0060709839155514,-0.0196943835999293,-0.2507515080344205,0.8036093287526274,0.9146344072464192,0.0060709839155514,0.03875246510689067
638.5752778_675.4355,0.0060342619753241,0.0350963909924023,0.6114068081933562,0.545249664632061,0.790871907347409,0.0060342619753241,0.10189385080948932
680.6234376_703.5695,0.0060252192571364,0.1614713047567332,0.2325433637520371,0.8175969310158351,0.9216341615185416,0.0060252192571364,0.0354414359564184
990.7933729_701.1755,0.0059972947171191,0.0341049951692632,0.351657358147266,0.7274003828515332,0.8769693964852064,0.0059972947171191,0.0570155619013543
951.5243704_473.72,-0.0059878985172203,-0.0277183525256769,-0.3293123946502575,0.7440653931180492,0.8850488974643503,0.0059878985172203,0.053032734598997454
750.5417505_499.841,-0.0059825539699998,-0.0206238036799462,-0.557101043294216,0.5813344360749385,0.8197016702440741,0.0059825539699998,0.08634417998347177
808.5459744_569.6535,0.0058887327338014,0.042377380066965,0.5007245826602906,0.6199917583601394,0.8439075458373946,0.0058887327338014,0.0737051298340719
717.5218476_414.565,0.005843434383583,0.0363693541269371,0.463026846908651,0.6464787606897062,0.8583484773923465,0.005843434383583,0.06633635890760636
720.6534136_744.4345,-0.0058122596502299,-0.039717511621549,-0.310767343627038,0.7579927980737626,0.8850488974643503,0.0058122596502299,0.053032734598997454
951.7695526_840.5625,-0.005811441063934,-0.0359771911214121,-0.5038590783671935,0.6178118455336679,0.8439075458373946,0.005811441063934,0.0737051298340719
674.588709_690.879,0.0057664053619234,0.0327832677458929,0.3137250304845563,0.7557659018992289,0.8850488974643503,0.0057664053619234,0.053032734598997454
839.6302325_703.2595,0.0057128207466573,0.0269516194749591,0.4592479546921476,0.6491607105426779,0.8588733426822768,0.0057128207466573,0.06607087648292155
936.6660012_681.229,0.0056675663023557,0.0372764869493161,0.4738378402648884,0.6388326257220431,0.8531489420404867,0.0056675663023557,0.06897514344012434
925.7545902_839.438,0.005526639597133,0.0665431000239689,0.4361655208044218,0.6656452229889163,0.8597139069450451,0.005526639597133,0.06564604794984137
910.6584819_646.78,0.0055223236077751,0.0171397157148834,0.2768306278354712,0.7836905235060453,0.902518933253546,0.0055223236077751,0.044543678595389206
791.5446074_587.959,-0.0055036442042693,-0.0619516772775768,-0.8751664290721544,0.3880051288463327,0.6859526681339723,0.0055036442042693,0.16370585029531184
805.6365386_624.1125,-0.0054828197831592,-0.0199806358989668,-0.3692561927712046,0.7143690108582067,0.8702701701785328,0.0054828197831592,0.06034590232035028
778.5434861_494.366,0.0054254064181925,0.0455737685631694,0.3789812383459919,0.7072048812254592,0.869339333633106,0.0054254064181925,0.060810670089126606
814.5889573_570.201,0.0054171866510841,0.0200081594803275,0.3174587465783178,0.7529577535745068,0.8850488974643503,0.0054171866510841,0.053032734598997454
730.5407941_558.263,-0.0054107852169133,-0.032813700768978,-0.3719608135100621,0.7123739212463618,0.8702401665785444,0.0054107852169133,0.060360875397657894
944.8676949_857.354,-0.0054028250356038,-0.026130529533599,-0.3091458982503388,0.759214508413515,0.8852071879213372,0.0054028250356038,0.052955068240149054
788.502936_486.475,0.0053764983244582,0.0386070481237543,0.3580811572629798,0.7226339449788876,0.8751064861185637,0.0053764983244582,0.05793909724069602
1019.613958_116.611,-0.0053005188173174,-0.0370147555379745,-0.2203634654206502,0.8269879860738136,0.9270910710456096,0.0053005188173174,0.03287760165931657
947.7389_812.961,0.0051937557782333,0.0678074302822064,0.4153261007152077,0.6806749597297954,0.8597139069450451,0.0051937557782333,0.06564604794984137
842.5075736_270.1455,-0.0051461635581002,-0.0279832185301965,-0.1960619624330236,0.8458014532753423,0.9364297790021384,0.0051461635581002,0.028524783943090527
772.5318912_570.44,-0.0050814425785764,-0.0269740478327074,-0.3108743517404171,0.7579121929034824,0.8850488974643503,0.0050814425785764,0.053032734598997454
512.3000177_99.0972,0.00497320223476,0.0338908016535649,0.3258798472777416,0.7466368066093264,0.8850488974643503,0.00497320223476,0.053032734598997454
808.6152863_739.499,-0.0049595742900511,-0.0123976769920885,-0.2145432391860609,0.83148480996335,0.9283015344111372,0.0049595742900511,0.03231093169067198
822.5316988_472.0995,0.0049199178089902,0.040993962236295,0.4176067054597603,0.6790235204811206,0.8597139069450451,0.0049199178089902,0.06564604794984137
736.4937281_521.0795,0.0048828443488148,0.0859029324924796,0.4142676652575279,0.6814419434190173,0.8597139069450451,0.0048828443488148,0.06564604794984137
1151.708051_445.689,0.0048678908446672,0.0213353142320928,0.2582118006223738,0.7978969745564634,0.91204212379175,0.0048678908446672,0.03998510278140964
778.5701356_510.693,0.0047971163022401,0.0246309512503563,0.401790941105192,0.6905088760978187,0.8645312281279188,0.0047971163022401,0.06321931475710423
869.5698969_574.4125,0.0047066491569169,0.0146787193375988,0.3747633954011576,0.7103087428990926,0.8702401665785444,0.0047066491569169,0.060360875397657894
881.5213314_435.052,0.0046521815773131,0.0463858393553916,0.2350865350505118,0.8156394780356602,0.9215516811218126,0.0046521815773131,0.03548030429010437
975.7685384_830.954,0.0046352092867039,0.0508332429641366,0.3364740914016592,0.7387100185813456,0.882769303729907,0.0046352092867039,0.05415277683853725
714.6284628_691.916,-0.0046263617557005,-0.0264503261110282,-0.3561955507894483,0.7240319002907531,0.8754985144465338,0.0046263617557005,0.05774458649455025
698.6495275_739.4355,0.0045164370430417,0.0191728367198976,0.2514644212902171,0.8030629697369545,0.9146344072464192,0.0045164370430417,0.03875246510689067
782.4982405_560.658,0.0044685022979624,0.039895942160629,0.273470054475653,0.7862492710359386,0.9037985273544288,0.0044685022979624,0.04392837064186775
742.5419235_604.8075,0.0043350949979041,0.0450757287309115,0.3415447750972874,0.7349262562658649,0.8795372964121585,0.0043350949979041,0.055745739739705175
788.5843612_605.1675,-0.0042902039318175,-0.0211829028015499,-0.4040998029538682,0.6888274468674089,0.8645312281279188,0.0042902039318175,0.06321931475710423
816.5779597_568.9065,-0.0042810865158183,-0.025519174366318,-0.3711844093013592,0.7129464330872293,0.8702401665785444,0.0042810865158183,0.060360875397657894
847.5354473_497.1665,-0.0042635633513338,-0.0375191907100466,-0.3657497455421546,0.7169586210290335,0.870821573977142,0.0042635633513338,0.060070820164747
716.5168025_560.0685,-0.0042328343397974,-0.0502995404049584,-0.314676474489601,0.7550499929531458,0.8850488974643503,0.0042328343397974,0.053032734598997454
610.4476619_436.044,0.0041687634157322,0.0187051809048953,0.3544514959986359,0.7253257706444131,0.8757637082595506,0.0041687634157322,0.057613055980141666
831.5069602_437.209,0.0041092118964792,0.0510138477506061,0.1985080722108429,0.843903379731114,0.9357568088174936,0.0041092118964792,0.028837004158923735
731.5372509_450.23,-0.0040471335772575,-0.0241698076710639,-0.5048635784005733,0.617114001012024,0.8439075458373946,0.0040471335772575,0.0737051298340719
886.6459735_633.929,-0.0040402495851886,-0.0232131540711201,-0.2287283911513584,0.8205355081311868,0.9223950884509204,0.0040402495851886,0.03508301822890582
898.6944402_708.478,0.0040277292834552,0.0221003655687203,0.2639054262114078,0.7935449547494573,0.90834148612473,0.0040277292834552,0.041750850092587416
866.5566599_467.747,0.0040108358566957,0.0249651629484414,0.3168969701113185,0.7533800510564479,0.8850488974643503,0.0040108358566957,0.053032734598997454
949.7532541_823.211,-0.0040107978286494,-0.0320310037507751,-0.331456929818746,0.7424603778041281,0.8850488974643503,0.0040107978286494,0.053032734598997454
776.5620976_636.8015,-0.0039913840449461,-0.0241401250769307,-0.2307631018986048,0.8189678904734965,0.9219044623424028,0.0039913840449461,0.03531408288056893
830.5846985_573.572,0.0039883839986402,0.0197539035082143,0.1994351043014144,0.8431842910091242,0.9357568088174936,0.0039883839986402,0.028837004158923735
866.5938426_565.9135,-0.0039824191084499,-0.0204718747375602,-0.2421470791761603,0.8102114007827828,0.9191900283330626,0.0039824191084499,0.03659469565943211
840.6594895_660.73,-0.0039398689916381,-0.0207749015537061,-0.3500887761671343,0.7285659543931973,0.8770771829105698,0.0039398689916381,0.05696218697919639
949.507999_454.858,0.0039072268270274,0.0271484794558877,0.2857869747478518,0.7768831709956211,0.8980989849098315,0.0039072268270274,0.046675794478544246
744.5593332_654.914,-0.0039021770725733,-0.1076741217888608,-0.1579685776733372,0.8754741998716122,0.951348630527152,0.0039021770725733,0.021660302654294427
824.5471782_522.617,0.0038832420674547,0.0328848236580484,0.2164805609892583,0.8299873463772927,0.9283015344111372,0.0038832420674547,0.03231093169067198
809.5112028_461.5555,0.0037229389568918,0.0545840989195096,0.2763862715300723,0.7840287174767001,0.902518933253546,0.0037229389568918,0.044543678595389206
746.5538683_605.283,0.0037211427952017,0.047766848326644,0.2945343613182382,0.7702519145100817,0.8916978839853928,0.0037211427952017,0.04978226394528239
840.6139642_615.647,-0.0037021214329663,-0.0124892190126848,-0.2157673718799413,0.8305385349301149,0.9283015344111372,0.0037021214329663,0.03231093169067198
554.4801009_544.6815,-0.0036604270963369,-0.0261799644824298,-0.3959769140497426,0.6947500186373294,0.8671076036591477,0.0036604270963369,0.06192700543532549
714.510574_493.878,0.0036566347427189,0.0267153414806881,0.2681670639438079,0.7902918917257384,0.9065864443481378,0.0036566347427189,0.04259077897776737
833.5219574_429.2495,0.0036406092667671,0.0198360155993009,0.2091053117407491,0.8356914934702364,0.9304927726592508,0.0036406092667671,0.03128699578028139
961.7101502_799.993,0.0035848406594624,0.0296808537112346,0.2956991841099852,0.7693701942733078,0.8916978839853928,0.0035848406594624,0.04978226394528239
596.3960159_308.141,0.0035818673129064,0.0193251185303963,0.2218356515093589,0.8258514800567398,0.9270910710456096,0.0035818673129064,0.03287760165931657
918.6623577_643.4345,-0.0035468704721476,-0.0230932734982534,-0.4380804182180653,0.6642710796464597,0.8597139069450451,0.0035468704721476,0.06564604794984137
959.6570834_681.236,-0.0035273301247467,-0.0081380469159418,-0.1628533430455716,0.8716580000668943,0.9504045544389652,0.0035273301247467,0.022091491172886477
938.7123656_805.473,0.0033325061483294,0.0141142967905414,0.241228139530065,0.8109173378791068,0.9191900283330626,0.0033325061483294,0.03659469565943211
780.6383306_642.2075,-0.0032795718331304,-0.0149402326897136,-0.3250985856511364,0.747222484947384,0.8850488974643503,0.0032795718331304,0.053032734598997454
652.6279164_707.4085,0.0032056527423269,0.0256556545611133,0.1557394428269684,0.8772167151263144,0.951625565367888,0.0032056527423269,0.02153389918094531
878.5940779_654.311,0.0031817967198113,0.0143562684292623,0.2964613063230952,0.7687934698061871,0.8916978839853928,0.0031817967198113,0.04978226394528239
760.5599841_532.228,0.0031581179493807,0.0177364869201637,0.1427480226909412,0.8873842381140407,0.959175270640508,0.0031581179493807,0.018102026701131965
770.5733254_644.178,0.0031447341175524,0.0354158968840635,0.1947649246966255,0.8468082786804613,0.9364297790021384,0.0031447341175524,0.028524783943090527
780.5680309_575.626,0.0031209337412125,0.0100185963967578,0.2341073263763647,0.8163930230306119,0.9215516811218126,0.0031209337412125,0.03548030429010437
700.5210499_586.1955,-0.0030533778379347,-0.0186870151985411,-0.1620656952989033,0.8722731370801793,0.9504045544389652,0.0030533778379347,0.022091491172886477
821.5696359_590.116,0.0030458633887834,0.0201772650356759,0.1182708068651754,0.906592389337254,0.9661564290493948,0.0030458633887834,0.014952551873398213
804.5804709_650.7995,-0.0030373320839275,-0.0129872299233884,-0.1458795129407843,0.8849315837228804,0.9577944764065704,0.0030373320839275,0.018727671859149083
884.6361475_631.3485,0.0029619633687558,0.0191750132531078,0.1361399765466972,0.8925634894159602,0.960950124007936,0.0029619633687558,0.0172991528416033
728.6433992_703.2675,0.0029318369639711,0.013866140279753,0.1918968559759221,0.8490355445804808,0.9376205539743792,0.0029318369639711,0.027972880869699585
898.5824236_647.678,-0.0029268852970346,-0.0137934132876108,-0.131844439019917,0.8959328347083408,0.9613979877402572,0.0029268852970346,0.017096791209053875
953.6012689_284.149,-0.0029256055171008,-0.0258782482880594,-0.2786213902246098,0.7823280312831893,0.902518933253546,0.0029256055171008,0.044543678595389206
812.5831844_570.518,0.0029201225293162,0.0105513631311565,0.1736924186392407,0.8632013224003937,0.948125441720109,0.0029201225293162,0.023134199536631372
879.598056_574.609,0.0029072545897323,0.0117929442723898,0.2673709053794166,0.7908993397932834,0.9065864443481378,0.0029072545897323,0.04259077897776737
853.6214824_611.513,-0.0027432199030651,-0.024617403659499,-0.1385143228980765,0.8907019604350825,0.960214415019302,0.0027432199030651,0.017631778562283207
792.5950572_678.456,-0.0027384778951521,-0.0172059672147554,-0.2077328937117221,0.8367539553140789,0.9304927726592508,0.0027384778951521,0.03128699578028139
772.5211951_533.9255,-0.0026673799822455,-0.0200626239573521,-0.1401219502892155,0.8894419100365072,0.9601260353374216,0.0026673799822455,0.01767175356585408
867.5219439_486.8985,0.0025761122704207,0.0202321365127557,0.1814722392130736,0.8571415289978593,0.944013981261156,0.0025761122704207,0.02502157356251843
826.6439962_642.208,0.0025747053220839,0.0128885984525245,0.2493889638830832,0.8046538282155614,0.9146344072464192,0.0025747053220839,0.03875246510689067
792.5148947_500.935,-0.0024269460060045,-0.0072885253674179,-0.1202438676101563,0.9050417745072136,0.9661564290493948,0.0024269460060045,0.014952551873398213
846.6242729_643.4345,-0.0023433717549133,-0.0300192666332303,-0.1004919996961404,0.9205807167145506,0.9722253314679292,0.0023433717549133,0.012233067510171875
858.5529467_413.891,-0.002343196905141,-0.0303102340771017,-0.097019737809297,0.923315836265248,0.9722253314679292,0.002343196905141,0.012233067510171875
821.5216241_485.913,-0.0023004269659426,-0.0357892881332295,-0.1666225681690897,0.8687154432729023,0.9504045544389652,0.0023004269659426,0.022091491172886477
841.6638925_660.8405,0.0022759157647583,0.0118650911255393,0.1641512386892573,0.8706445472650797,0.9504045544389652,0.0022759157647583,0.022091491172886477
883.543042_531.235,0.0022449010097702,0.0096801851113273,0.1341834037194102,0.8940979432971059,0.9613322213550676,0.0022449010097702,0.017126501022795403
719.5356895_470.25,0.0021795706415523,0.0125822099657344,0.2355977721385833,0.815246129068649,0.9215516811218126,0.0021795706415523,0.03548030429010437
1093.860734_743.879,0.0021676121908252,0.0195936799102139,0.11790837790374,0.906877260493842,0.9661564290493948,0.0021676121908252,0.014952551873398213
638.477893_508.1995,-0.0021182026483336,-0.008070036283965,-0.1676167074282989,0.8679396546601534,0.9504045544389652,0.0021182026483336,0.022091491172886477
807.5057101_461.44,0.0021073158894659,0.0294895318856205,0.1546554155861583,0.8780643253455849,0.951625565367888,0.0021073158894659,0.02153389918094531
812.5834493_631.721,-0.0020912586366137,-0.0213519923780872,-0.2075796085374873,0.8368726409315717,0.9304927726592508,0.0020912586366137,0.03128699578028139
680.622433_724.545,-0.002053311311187,-0.0115816508388476,-0.1769601065538213,0.8606550326324087,0.9466043881179664,0.002053311311187,0.023831486630119022
892.6075749_597.416,-0.0019883814947448,-0.0120720949840662,-0.1594410277980906,0.8743235314119994,0.951348630527152,0.0019883814947448,0.021660302654294427
483.2732678_114.727,-0.0019688999075482,-0.0148399754040327,-0.0998664580367317,0.9210733876079108,0.9722253314679292,0.0019688999075482,0.012233067510171875
656.5855673_657.921,-0.0018865107809022,-0.0068832448127332,-0.1037373793753153,0.9180252022471748,0.9719574009255076,0.0018865107809022,0.012352768971258744
1233.786815_547.6725,-0.0018789658422784,-0.0085960306288309,-0.1068348714940384,0.915586965824578,0.9716189806601966,0.0018789658422784,0.012504009804052014
680.6586237_765.668,-0.0018512615154481,-0.0144998040728378,-0.1887534439812618,0.8514780848213848,0.9390455197962498,0.0018512615154481,0.02731335499994397
859.53611_500.188,0.0017658673148124,0.0150697846219462,0.095052700255992,0.92486570615083,0.97260071033926,0.0017658673148124,0.012065417580602849
788.5457379_533.1775,-0.0017479730322802,-0.0100988757948184,-0.131098206479893,0.8965183689357,0.9613979877402572,0.0017479730322802,0.017096791209053875
857.6792316_875.4475,0.0016999952325252,0.0080278698787998,0.0888930882928394,0.9297208973501452,0.9732552075930184,0.0016999952325252,0.011773263825714936
672.6258106_765.693,-0.0016931962908062,-0.0153763060551189,-0.1640247560036162,0.8707433006364838,0.9504045544389652,0.0016931962908062,0.022091491172886477
733.5516343_500.073,-0.0016904580223239,-0.0094363582237921,-0.2496732932988478,0.8044358366667184,0.9146344072464192,0.0016904580223239,0.03875246510689067
450.2633602_111.339,-0.0016706536954731,-0.0170753972584766,-0.0885671287720732,0.929977906473638,0.9732552075930184,0.0016706536954731,0.011773263825714936
937.7092942_809.841,-0.0016026694110421,-0.00871826193669,-0.1214860849009407,0.9040657186222756,0.9661564290493948,0.0016026694110421,0.014952551873398213
869.536551_509.713,-0.0015913477736212,-0.0078411985762647,-0.073457240089396,0.9418995246128624,0.9774629118126202,0.0015913477736212,0.009899712193680426
919.5108255_520.25,-0.0015085517263666,-0.0056278152365891,-0.0847513531430486,0.932987090495118,0.9732552075930184,0.0015085517263666,0.011773263825714936
838.5992955_573.825,0.0014984242872078,0.0044443668731577,0.0816111696086024,0.9354642460765002,0.9732552075930184,0.0014984242872078,0.011773263825714936
790.533807_471.0355,0.0014565386988218,0.0129788388289701,0.0807048773517793,0.9361793038466072,0.9732552075930184,0.0014565386988218,0.011773263825714936
817.6372236_609.282,0.0014534460555924,0.0079556700760483,0.098492389077549,0.9221557028859771,0.9722253314679292,0.0014534460555924,0.012233067510171875
833.5203407_472.809,0.00140878673855,0.0096883644095213,0.1074627168205162,0.915092848749804,0.9716189806601966,0.00140878673855,0.012504009804052014
682.6290018_724.545,-0.0013943142935046,-0.0081082445294554,-0.117901039697271,0.9068830284942172,0.9661564290493948,0.0013943142935046,0.014952551873398213
686.4778803_508.892,-0.0013715736022588,-0.0307911536728226,-0.1088034622068787,0.9140377914497908,0.9716189806601966,0.0013715736022588,0.012504009804052014
777.5417539_570.182,0.0013618963879484,0.0037837774881079,0.0696742664816859,0.944886515630369,0.9774629118126202,0.0013618963879484,0.009899712193680426
689.4905165_340.509,-0.0012779330160884,-0.0159212359859053,-0.0680428120769144,0.9461749457806086,0.9774629118126202,0.0012779330160884,0.009899712193680426
748.5303861_595.618,0.0012011460982042,0.0091190472693885,0.0545736812689709,0.9568174109830638,0.9858485334401984,0.0012011460982042,0.006189805286157689
903.5231679_508.487,0.0012009051059424,0.006295645767052,0.0847764902438053,0.932967263627263,0.9732552075930184,0.0012009051059424,0.011773263825714936
634.6173826_724.555,-0.001197796540797,-0.0069731754973615,-0.1033997246704097,0.9182910413652036,0.9719574009255076,0.001197796540797,0.012352768971258744
977.7847955_842.532,-0.0011090976010624,-0.0075720236999461,-0.0835728185960187,0.933916707328852,0.9732552075930184,0.0011090976010624,0.011773263825714936
716.5255564_594.578,0.000954797623187,0.011238224407615,0.0806334213958703,0.9362356843594188,0.9732552075930184,0.000954797623187,0.011773263825714936
652.6271793_737.374,-0.0009254208123692,-0.0081676462911467,-0.090757971010381,0.928250642763938,0.9732552075930184,0.0009254208123692,0.011773263825714936
828.6603085_671.6245,0.0008806183460745,0.0033708819993447,0.0679097389840217,0.9462800459143036,0.9774629118126202,0.0008806183460745,0.009899712193680426
714.6035218_714.8735,-0.0007844653236481,-0.0050938364598296,-0.0359464754227771,0.971548343324628,0.9959636971181356,0.0007844653236481,0.0017564913238970227
555.4427374_467.0465,-0.0007713741231188,-0.0163516068615294,-0.0298904706679933,0.976340053651234,0.9959636971181356,0.0007713741231188,0.0017564913238970227
830.6681222_671.624,-0.0007576728120178,-0.0033714354888332,-0.0558354026248147,0.9558201043697916,0.9858485334401984,0.0007576728120178,0.006189805286157689
730.5423633_615.219,0.0007470453321328,0.0181367923649943,0.0701302938892854,0.94452639790255,0.9774629118126202,0.0007470453321328,0.009899712193680426
688.6122622_739.516,-0.0006259313738879,-0.00179609012721,-0.0325957258323767,0.9741994453707936,0.9959636971181356,0.0006259313738879,0.0017564913238970227
1117.868523_744.929,0.000582827434916,0.0047501363985476,0.0296931582238041,0.9764961897822536,0.9959636971181356,0.000582827434916,0.0017564913238970227
973.7542511_815.2435,0.0005547299595929,0.0075436617214824,0.0524179523412609,0.9585215339395794,0.9863573865666124,0.0005547299595929,0.005965698758981359
722.5001976_474.853,-0.0005130491394549,-0.0105569318734749,-0.0236240380035033,0.981299200964249,0.9959636971181356,0.0005130491394549,0.0017564913238970227
841.5372305_524.859,-0.0004993361744717,-0.0015923640137169,-0.0386419341159816,0.969415942800516,0.9959636971181356,0.0004993361744717,0.0017564913238970227
842.5929539_575.836,-0.0004858289453857,-0.0043406840650202,-0.0242011503721581,0.9808424494278396,0.9959636971181356,0.0004858289453857,0.0017564913238970227
698.5150421_586.1615,-0.0004323653671696,-0.0025101216872454,-0.0237895430871767,0.9811682124629753,0.9959636971181356,0.0004323653671696,0.0017564913238970227
876.5775953_532.265,-0.0004062832755757,-0.0020239238211557,-0.03668058289377,0.9709675628156592,0.9959636971181356,0.0004062832755757,0.0017564913238970227
688.4938698_549.318,0.0003185123801184,0.0063153093676561,0.0257824899786382,0.9795909434624764,0.9959636971181356,0.0003185123801184,0.0017564913238970227
728.5254124_583.054,-0.0002841791397656,-0.0042574765777854,-0.0276728533237515,0.9780949388263148,0.9959636971181356,0.0002841791397656,0.0017564913238970227
670.6300911_765.6925,0.0001965399793363,0.0017027866810117,0.0193295179086233,0.9846982598923611,0.9981704997665104,0.0001965399793363,0.0007952695509816369
566.3468757_139.2555,-0.0001915896947617,-0.0008413032746289,-0.0092594586918817,0.9926696132895004,0.9999016618383336,0.0001915896947617,4.2709821009279564e-05
918.6550758_700.176,0.0001830108064704,0.0008097741985634,0.0066729097768978,0.9947172553778176,0.9999016618383336,0.0001830108064704,4.2709821009279564e-05
1179.738718_495.847,0.0001348680210483,0.0006339219273869,0.0083920423834752,0.9933562986891844,0.9999016618383336,0.0001348680210483,4.2709821009279564e-05
995.6694331_700.153,0.0001301386332097,0.0006213432610661,0.0051713453314238,0.9959059868693,0.9999016618383336,0.0001301386332097,4.2709821009279564e-05
694.6365527_739.516,-0.0001099659200732,-0.000459450238909,-0.0068022170376558,0.9946148882699662,0.9999016618383336,0.0001099659200732,4.2709821009279564e-05
948.7107507_717.0785,-6.717105213260064e-05,-0.0004330243394059,-0.0063379979741589,0.9949823913541592,0.9999016618383336,6.717105213260064e-05,4.2709821009279564e-05
632.6009951_698.021,4.6775683372500025e-05,0.0002799073519083,0.0030903168439316,0.9975534731656246,0.9999016618383336,4.6775683372500025e-05,4.2709821009279564e-05
835.5272065_473.045,2.2347456775109545e-05,0.000156839574497,0.0016773292932142,0.9986720986602368,0.9999016618383336,2.2347456775109545e-05,4.2709821009279564e-05
803.630059_624.148,2.078026831004586e-05,7.19169566798133e-05,0.0015804964703493,0.998748758813935,0.9999016618383336,2.078026831004586e-05,4.2709821009279564e-05
721.5432196_485.828,1.8108922359298687e-05,0.0001370140093499,0.0013034373443212,0.9989680997438194,0.9999016618383336,1.8108922359298687e-05,4.2709821009279564e-05
734.4787675_487.141,8.012545179292513e-07,1.9114553073544825e-05,0.0001242151016352,0.9999016618383336,0.9999016618383336,8.012545179292513e-07,4.2709821009279564e-05
