mz_rt,weight,log2FC,tstat,pval,padj,abs_weight,neglog10_padj
835.5892176_517.3195,0.1335127576611089,1.0945437051691385,8.745826861504414,5.405858760061657e-10,1.908268142301765e-07,0.1335127576611089,6.719360599998852
836.5930738_517.897,0.1298350618891095,1.0772655228552082,8.130853904512962,2.7582739335174302e-09,6.49113799021102e-07,0.1298350618891095,6.187679158431623
828.5374557_463.2,0.125379044428429,1.170170671285443,7.2609549279729295,2.9924516418845844e-08,2.640838573963145e-06,0.125379044428429,5.578258145017873
837.6064344_556.127,0.1241352327599239,0.7003653226397331,7.090629067301119,4.820244244698447e-08,3.4030924367571028e-06,0.1241352327599239,5.4681262541870845
790.5621269_401.5705,0.1208887330956384,1.0984932459210324,7.699996145125446,8.885290955778392e-09,1.2546030829559088e-06,0.1208887330956384,5.901493649598705
738.4948422_242.2565,0.1204431420191184,0.644983719679886,9.178642663651402,1.7677375401130863e-10,1.2480227033198388e-07,0.1204431420191184,6.903777514143304
809.5743296_507.218,0.1201298949034926,0.6985073794370881,7.563132867829804,1.2943511046625894e-08,1.5230197998196469e-06,0.1201298949034926,5.8172944506386655
606.4164236_190.0735,0.1164374735344376,0.764070675946745,6.938348798633438,7.400499634824258e-08,4.749775220169023e-06,0.1164374735344376,5.323326942575157
524.3355338_141.03,0.1106542759211582,0.8810023990802874,6.417286693410494,3.261006167648458e-07,1.7709771956613937e-05,0.1106542759211582,4.75178703105283
860.6026643_534.09,0.1101122631468786,1.0341465186158918,7.505490573055797,1.5175456506287565e-08,1.530553184777003e-06,0.1101122631468786,5.81515157462342
833.5750724_482.188,0.1096960620658043,1.1105235198178909,7.80986925056164,6.579577170056895e-09,1.161295370515042e-06,0.1096960620658043,5.935057305265764
766.5263256_322.664,0.1095104580417155,0.6717428387938329,7.187155818934079,3.6776742572173955e-08,2.8849311395505342e-06,0.1095104580417155,5.539864548563755
758.4997015_284.0105,0.109212306092864,2.2268239657784945,6.497664501250028,2.590308343377225e-07,1.5239647420202672e-05,0.109212306092864,4.8170250805838
568.3268475_77.8256,0.1089676072837501,1.2642887796956093,6.329595307470367,4.194585606557259e-07,1.9742516254862832e-05,0.1089676072837501,4.7045974957414245
666.4355608_507.1925,0.1088931306940063,0.8387572838636305,6.110739120979958,7.880521451284048e-07,3.3220326231624895e-05,0.1088931306940063,4.478596106987007
808.5708103_483.549,0.1059046666902671,0.7571576690499267,6.3905855702657055,3.52061104823091e-07,1.7753938571793017e-05,0.1059046666902671,4.750705287101746
734.5003442_237.328,0.1056274879070743,0.9172102314613928,5.549275661555773,4.01718129722817e-06,0.0001153256825065,0.1056274879070743,3.9380739665230364
856.5719936_451.673,0.1031937610103243,1.012270714398368,6.015410391228636,1.0380924409036687e-06,4.071629240433278e-05,0.1031937610103243,4.390231775407262
626.4033265_217.0095,0.1012633550644875,1.0678229892365143,6.105562669191611,7.999228696000329e-07,3.3220326231624895e-05,0.1012633550644875,4.478596106987007
550.3510686_152.965,0.1011647300171998,0.8029998245055178,5.643342562851551,3.0554706326389512e-06,0.0001027220126972,0.1011647300171998,3.988336479786084
624.3901883_161.661,0.0997890182646878,0.7372918024985391,5.543626267489388,4.083770627003573e-06,0.0001153256825065,0.0997890182646878,3.9380739665230364
830.5569207_427.1375,0.0985914674613856,1.613585719135478,5.146776180216247,1.2966898284599962e-05,0.0002953106512557,0.0985914674613856,3.5297208886320988
682.4687366_255.9215,0.0981626472285997,0.7018260543197824,4.661921971855579,5.294336431715635e-05,0.0009344503801978,0.0981626472285997,3.0294437549362203
856.5734225_470.6815,0.0962167686868643,0.828218435553147,5.948525772316265,1.259883773289715e-06,4.681462862855468e-05,0.0962167686868643,4.329618417439921
572.3487961_96.01855,0.0955970899891803,1.1077764680030142,4.808027100759898,3.4691286617792865e-05,0.0006445275882147,0.0955970899891803,3.1907584884688696
750.4945063_241.3985,0.0952572761870458,0.5608674730719604,5.211525706555351,1.0739522510657947e-05,0.0002614518238801,0.0952572761870458,3.5826083241984477
570.3327193_77.3872,0.0948380402438163,1.3212481294998628,4.938855844870301,2.3734666440347634e-05,0.0004787621287681,0.0948380402438163,3.3198802106414185
732.4834155_257.9915,0.0944601257295351,0.7854832257223243,4.768579193864681,3.8890800265371015e-05,0.0007040232048038,0.0944601257295351,3.152413026153115
610.3734044_131.484,0.0942970806610216,0.7315393704272021,4.829345383683146,3.261261711571137e-05,0.0006238579585172,0.0942970806610216,3.204914280276335
412.2105066_44.82875,0.0927622890370696,0.6858767428270334,4.974072082155288,2.1426760213849663e-05,0.0004449203738522,0.0927622890370696,3.3517177065266415
654.4365647_174.175,0.0926663550092132,0.6610291809110419,4.32018559088089,0.0001413397151548,0.0021696669154517,0.0926663550092132,2.6636069333793646
722.4629286_162.2525,0.0910625288237972,0.5520654821213089,5.1583615877926094,1.2536979222278807e-05,0.0002950369110309,0.0910625288237972,3.530123647566736
542.3112289_72.14785,0.0907359981872879,0.7456526747943454,4.544314970573898,7.432020891980441e-05,0.0012797577438385,0.0907359981872879,2.8928722338455786
832.5716772_472.926,0.0901017832792547,1.1596963351797478,5.035177913846124,1.7940044575340504e-05,0.0003838082263694,0.0901017832792547,3.4158857210321556
548.33497_114.867,0.0895987092265556,0.7876001016896252,5.084661551221454,1.5535484636933174e-05,0.0003427516298023,0.0895987092265556,3.4650204714400905
818.592961_452.333,0.0887341634194971,0.798065515327622,4.398680086367502,0.0001129168505724,0.0018118021932764,0.0887341634194971,2.741889218942794
694.46862_189.045,0.0864806555616252,0.7354700443939581,4.059192509449285,0.0002964832339699,0.0039636263194475,0.0864806555616252,2.4019072964298815
780.5409317_439.506,0.0859253762029409,1.017466161909795,5.612418618014396,3.343009947676618e-06,0.0001072802283208,0.0859253762029409,3.9694803108615466
652.4199587_140.218,0.0853612682371622,0.8531630725214701,4.82847398932267,3.269510547469762e-05,0.0006238579585172,0.0853612682371622,3.204914280276335
638.4056477_173.775,0.0850954725355828,0.6842087508213013,4.042016424746067,0.0003111874731142,0.0040265152891812,0.0850954725355828,2.3950706474980605
698.4635941_181.67,0.0846373417811023,0.3313289671959843,5.558413613615503,3.911768025441857e-06,0.0001153256825065,0.0846373417811023,3.9380739665230364
496.3059373_93.5042,0.0845193167576399,1.101423912752481,5.21601218369902,1.06001638581516e-05,0.0002614518238801,0.0845193167576399,3.5826083241984477
828.5396901_301.01,0.0840353747884097,0.917615724046098,4.457312019671257,9.544122331106556e-05,0.0015670117129677,0.0840353747884097,2.804927757291316
680.4517032_215.176,0.0794301027655232,0.8249380196020722,4.319586166527939,0.0001415818633269,0.0021696669154517,0.0794301027655232,2.6636069333793646
574.3521852_129.799,0.0784135223357304,0.6913843582257784,4.05791543029296,0.0002975526840378,0.0039636263194475,0.0784135223357304,2.4019072964298815
722.5001799_300.0255,0.0783920826321766,0.538083700658422,3.428623876350817,0.0016881478726778,0.0167863718043741,0.0783920826321766,1.77504316184964
580.3999446_177.11,0.0771066812657711,0.5417863761928206,3.691277877490811,0.0008265332068168,0.0089774222155801,0.0771066812657711,2.0468483491081204
726.4740825_254.405,0.0763859658169496,0.9085263833395186,4.494190269335068,8.584775203438834e-05,0.0014430598318161,0.0763859658169496,2.840715661914903
506.4228096_391.146,0.0763346970064561,0.6171121319885452,4.06286271803117,0.0002934306587181,0.0039636263194475,0.0763346970064561,2.4019072964298815
608.4317628_263.899,0.0758642899537511,0.4933155493156788,3.925262385418853,0.0004318691166015,0.0053491157249244,0.0758642899537511,2.271718006301576
666.3996881_131.65,0.0754249361404207,0.4687478627833322,5.4694070221230575,5.068537190532388e-06,0.0001376302790967,0.0754249361404207,3.8612860094291266
508.4383796_442.757,0.0753731232868296,0.6852201085770889,3.754182553680544,0.0006949390130075,0.0081771157197223,0.0753731232868296,2.0873998562186373
708.4461759_150.006,0.0740968275615,0.7007354372230177,5.683877716878582,2.715783209484298e-06,9.586714729479571e-05,0.0740968275615,4.018330195676191
600.367801_148.341,0.0737009719216807,0.6164960192973357,3.733948038965702,0.0007348741211071,0.0083680827338971,0.0737009719216807,2.0773740346554153
732.6160842_761.338,-0.0734506855102081,-1.094598483441361,-5.350656412266266,7.162208810451783e-06,0.0001872784970436,0.0734506855102081,3.7275120846184064
925.7130674_776.514,0.0706894612140331,0.6278186885265152,4.039183524352807,0.0003136803695537,0.0040265152891812,0.0706894612140331,2.3950706474980605
900.7969099_847.4685,0.070360510749571,0.4596200570019292,3.8644313332191498,0.0005117911512528,0.006229733668698,0.070360510749571,2.205530519743277
610.6260824_566.8925,0.0698968525684649,2.639436120180214,3.080478992973976,0.0042251827704299,0.0347313226018883,0.0698968525684649,1.4592786780262696
694.4319813_200.8635,0.0673265765080161,0.4621215646233127,4.225383458676287,0.0001851818656677,0.0026681305543146,0.0673265765080161,2.573792923769272
480.4070041_344.109,0.0668123418588592,0.4588153360334156,3.118022418903639,0.0038341284060241,0.0332992693717564,0.0668123418588592,1.4775652953614147
608.4317822_199.537,0.064497316147963,0.4491039230339909,3.2223662764323353,0.0029200877243577,0.026430537607648,0.064497316147963,1.57789400305594
665.4745286_78.4144,0.0632074514808427,0.5854621343911285,3.069628620337586,0.0043450759335681,0.0352600414838977,0.0632074514808427,1.4527171810832862
816.5777393_397.762,0.0625755747145866,0.6197727485048748,2.784771111060784,0.0089225118779198,0.0594272960925605,0.0625755747145866,1.2260140294388282
766.5819893_626.3695,-0.0625691421380359,-0.1825651436506865,-3.6240959274474625,0.0009937475721308,0.0104714296406626,0.0625691421380359,1.9799940210274685
620.4311175_207.671,0.0618444471316996,0.6447147579109004,2.6628144257508004,0.0120258886008986,0.069592437313397,0.0618444471316996,1.1574379530836199
506.2899384_123.09,0.0609339917562397,0.630061287455074,3.0883845655509305,0.0041398138438727,0.0347313226018883,0.0609339917562397,1.4592786780262696
676.6630421_736.925,-0.0606845483884395,-0.4365864305435125,-3.9618134343971625,0.0003898555944029,0.0049149651722947,0.0606845483884395,2.3084795552547996
749.558986_495.338,-0.0606006951137538,-0.2879582134404292,-3.7260033410770688,0.0007511563158363,0.0084177199838169,0.0606006951137538,2.0748055251912056
736.5444049_626.443,-0.0603979123421372,-0.1918366391073937,-3.7716913060317503,0.0006620933607736,0.0079226764865452,0.0603979123421372,2.101128077631003
654.3989926_114.523,0.0594891197406532,0.4895315763266705,2.900909271818156,0.0066781398913262,0.0486058429203744,0.0594891197406532,1.3133115209527055
622.4477609_347.842,0.059165049798513,0.3948532515216547,2.9042072404530375,0.0066229229981217,0.0486058429203744,0.059165049798513,1.3133115209527055
708.6319509_774.411,0.058344847113252,0.6022549160949972,2.6699714389738047,0.011819077771679,0.069592437313397,0.058344847113252,1.1574379530836199
864.5754993_459.538,0.0579482014927882,0.5368130652163237,3.0124833506740116,0.00503162998291,0.0394703418659391,0.0579482014927882,1.403729112017256
897.6963919_777.438,0.0576348051306955,0.6817970372148551,3.40530912697218,0.0017971070485411,0.0176216330037503,0.0576348051306955,1.7539538478163923
634.4472057_230.189,0.0575940827683113,0.4762914553775872,2.825006136049314,0.0080751396803693,0.0564460258845617,0.0575940827683113,1.2483666294194677
740.6946069_780.246,0.0565940846361215,0.4965780610376873,2.7695697425189136,0.0092637788198087,0.0605576652480087,0.0565940846361215,1.21783087705905
652.3842637_132.7375,0.0557366788389559,0.4165546556376283,4.312587365216284,0.0001444395821901,0.0021696669154517,0.0557366788389559,2.6636069333793646
928.8328089_848.39,0.0557120170165068,0.3480523916114701,2.655498377925259,0.0122407620984953,0.0702599840775422,0.0557120170165068,1.1532919529646641
766.709348_809.2545,0.0556405421953622,0.5155822437870662,2.663750286723252,0.011998656140446,0.069592437313397,0.0556405421953622,1.1574379530836199
952.833907_811.397,0.055479523033674,0.4795585483596535,3.114667683844479,0.003867620521932,0.0332992693717564,0.055479523033674,1.4775652953614147
508.3055304_165.1735,0.0553028099053421,0.4836841819264803,2.5801970854766214,0.0146687518984897,0.0809073346901076,0.0553028099053421,1.092012105445228
898.783054_829.848,0.0551182504190564,0.3685144463230011,2.952430442856526,0.0058630823892267,0.0440354911361075,0.0551182504190564,1.3561971555257866
568.4303239_440.1145,-0.0549490630825907,-0.5300723445855255,-4.09002261509177,0.000271779134564,0.003837521380045,0.0549490630825907,2.415949191916138
883.7665778_829.435,0.0548762374982704,0.3752388636473627,2.9928960008220553,0.005289725518316,0.0410389694058367,0.0548762374982704,1.3868035540116914
760.5137961_299.244,0.0544696841290235,0.4324036244780891,2.495734961677617,0.0179163356405732,0.0943950221063036,0.0544696841290235,1.0250509074897032
534.3145344_41.5821,0.0538274647611701,1.7738800485371973,2.3466700369179505,0.0252961168398906,0.1137519648978522,0.0538274647611701,0.9440410928077771
882.7632826_829.512,0.0537157597454272,0.355483266275423,2.801817179804958,0.0085538292021076,0.058067340545077,0.0537157597454272,1.2360680639795296
896.7635916_793.739,0.052697861223552,0.57864205255304,3.3701292926162933,0.0019744166955615,0.0189709835839732,0.052697861223552,1.7219101517671995
841.7178946_678.8495,-0.0526021920644907,-0.4973007299703321,-3.540651305604815,0.0012474524950427,0.0129514920808854,0.0526021920644907,1.8876801956624993
738.6048386_816.287,0.0524825929468458,0.5368858050317213,2.474529620588986,0.0188293560277053,0.0959499705687024,0.0524825929468458,1.0179551541421845
771.639778_668.276,-0.0523445942017445,-0.2941107985286108,-4.234492169070343,0.0001804456996642,0.0026540554992283,0.0523445942017445,2.576089999799922
922.7863605_823.546,0.0515237641867559,0.3403870240372609,3.3674742390005243,0.0019884600357139,0.0189709835839732,0.0515237641867559,1.7219101517671995
530.2880779_118.1435,0.0513135034579083,0.464717534014784,2.635277030992683,0.0128533282022281,0.0725955976861848,0.0513135034579083,1.1390897148173544
946.7800438_798.293,0.0512543860250164,0.5898189949431274,3.274351712714987,0.002546370455587,0.0236544413374272,0.0512543860250164,1.6260873045140714
901.8008875_827.3145,0.0508775981529151,0.1886481703602857,2.41624255935695,0.0215627039911255,0.1037818875913443,0.0508775981529151,0.9838784345945523
636.4627411_230.591,0.0507083443862665,0.5040932232570405,2.3287282050747984,0.0263495734635928,0.1169987350018652,0.0507083443862665,0.9318188338493899
923.7886601_823.752,0.0503985000170666,0.3079667063731859,3.2370588271460567,0.0028094606490328,0.0257594703664572,0.0503985000170666,1.5890630706324782
882.608889_550.6035,0.0498904884037034,0.2785880075396856,3.1771581987586655,0.0032871740555624,0.0292476182024691,0.0498904884037034,1.5339094951764023
851.7147292_791.087,0.0493599012100942,0.6822256074313588,3.058690416756913,0.0044692029089291,0.035855196064818,0.0493599012100942,1.4454478983293044
877.7249998_825.6565,-0.0493416039581147,-0.2929206955836119,-3.0799707674666683,0.0042307276823829,0.0347313226018883,0.0493416039581147,1.4592786780262696
769.6241555_637.1585,-0.0492501759609875,-0.2860329878990278,-2.9536865095565874,0.0058444353694052,0.0440354911361075,0.0492501759609875,1.3561971555257866
698.6114945_752.34,0.0492213128076203,0.4273639328802759,2.3934369632862538,0.0227272592887551,0.1067959325713664,0.0492213128076203,0.9714452875270261
808.5824703_595.555,0.0491501013276592,0.1267364374297339,2.0114489224757817,0.0527636707547109,0.1826036840824799,0.0491501013276592,0.7384904646957408
818.673641_646.251,0.0490424918229186,0.3707312502898206,2.1212640750605853,0.0417405976683236,0.1592911456964135,0.0490424918229186,0.7978083640736996
344.2803691_68.507,-0.0488202506216671,-0.4880658945038109,-3.5260726536336113,0.0012977790771237,0.0132787250499904,0.0488202506216671,1.8768436215293576
1007.882522_822.841,0.0481423700784389,0.3523517085957219,2.151481318525221,0.0390895102554661,0.152947099476802,0.0481423700784389,0.8154587546594522
829.7185894_714.266,-0.0480736570894987,-0.320261197171346,-2.6827302103424375,0.0114585670906764,0.0685571895425216,0.0480736570894987,1.1639469943402887
895.7582178_806.165,0.0470426462681195,0.5228145053275848,3.043319621472465,0.0046493257721693,0.0368811684848492,0.0470426462681195,1.4331953278981473
568.4303491_385.814,-0.0464794407388539,-0.5163841500665025,-3.17402566956329,0.0033141776999965,0.0292476182024691,0.0464794407388539,1.5339094951764023
832.5763262_494.4135,0.0464742064227687,0.3406075660103134,3.477839240982104,0.0014786449786228,0.0149131907843958,0.0464742064227687,1.8264294261780625
792.568685_390.741,0.0463349121094689,0.5026616434224015,2.200655354612308,0.0350944610589269,0.1440505203930372,0.0463349121094689,0.8414851684601649
701.5614088_516.855,-0.0462310408701384,-0.272391877359708,-3.0800256182567747,0.0042301289093132,0.0347313226018883,0.0462310408701384,1.4592786780262696
356.2803712_67.6889,-0.0461118669157221,-0.5276922727209912,-3.704998514409185,0.0007959113587274,0.0087798971759625,0.0461118669157221,2.056510570218451
884.7707812_818.3385,0.0460327407926226,0.3755805534142089,2.9861038800984483,0.0053821099401325,0.0413018436710175,0.0460327407926226,1.3840305614603554
368.2804467_66.58815,-0.0458908188760979,-0.4353808834673811,-2.479744263211892,0.0186009644506249,0.0958560649791327,0.0458908188760979,1.018380403353055
858.7647794_843.899,0.0452636513337671,0.1617073666765969,2.0048291685641755,0.0535030792286094,0.1833649220164964,0.0452636513337671,0.7366837419033978
348.3120948_248.55,-0.0448542025458183,-0.2096935621023877,-1.9990674404145523,0.0541540081744646,0.1846991776385121,0.0448542025458183,0.7335350382243575
556.3060761_124.961,0.0447259329331396,0.4292991666322075,2.1943755926974764,0.0355834731106173,0.1452134798618257,0.0447259329331396,0.8379930671215904
827.714631_805.271,0.0444972420481214,0.5372894573057895,2.714401139447234,0.0106073786238178,0.0662726487470386,0.0444972420481214,1.1786656714304127
813.6871368_642.829,-0.044350750819381,-0.443031855252905,-3.3372903459176833,0.0021550081438213,0.020285809993838,0.044350750819381,1.6928076466320197
826.5453146_462.1995,0.0442692040410892,0.8084939754744409,2.3846440802634303,0.0231913452216733,0.107013658343146,0.0442692040410892,0.9705607890016624
734.626377_595.605,-0.0437030005731124,-0.5457232943074245,-2.883937459908964,0.0069692101482619,0.0502067588231932,0.0437030005731124,1.2992378142886052
840.5778511_406.702,0.0435486843126136,0.5277817471688216,2.114420228111279,0.0423627377872248,0.159995176625857,0.0435486843126136,0.79589310982126
528.2741783_95.4762,0.0434446655178044,0.7962602586962134,2.2250526981585375,0.0332511383877281,0.1389071224954798,0.0434446655178044,0.857275485139425
787.6718106_639.1555,-0.0432167365444882,-0.7034810265474158,-2.69492261833727,0.0111236318199015,0.0673341513290539,0.0432167365444882,1.1717646092997247
734.6477302_756.1655,-0.0432134090545144,-2.300489100374935,-1.928808721050844,0.0626647815911721,0.2038771235178226,0.0432134090545144,0.6906315024580088
398.3276618_101.714,-0.0429624816915886,-0.3384356739608732,-2.818379208353043,0.0082093137138653,0.0568213282547934,0.0429624816915886,1.2454886184310165
400.334131_101.653,-0.0422455214407677,-0.6645676006936384,-2.0307795705470175,0.050655452088771,0.1770433127459028,0.0422455214407677,0.7519204727036788
870.7515554_809.419,0.042191715200464,0.3497461771214886,2.4816496302525057,0.0185181479659748,0.0958560649791327,0.042191715200464,1.018380403353055
426.3584758_146.053,-0.0417266829748804,-0.2374896650830698,-2.7026996706879127,0.0109147697236623,0.0673341513290539,0.0417266829748804,1.1717646092997247
871.6809131_774.201,0.0415779715728308,0.3723009517856831,2.1383324556910597,0.0402241545388591,0.1551817109531943,0.0415779715728308,0.8091594641354499
440.3748432_176.665,-0.0414181306448392,-0.4615005505318863,-2.664400143887232,0.0119797797383666,0.069592437313397,0.0414181306448392,1.1574379530836199
864.6390585_602.077,0.0411843581609913,0.4337243462333062,2.3639867548884137,0.0243157081215958,0.1100997379789403,0.0411843581609913,0.9582137145835232
662.5738611_669.7245,-0.04114536702305,-0.401017792793523,-2.6039591083101006,0.0138583023073923,0.0771955148182453,0.04114536702305,1.1124079321289406
822.7564423_838.9505,0.0410412988235424,0.7028914086223095,2.7655266149525835,0.0093565779308021,0.0606031561389571,0.0410412988235424,1.217504757714233
482.3255915_231.647,-0.0407395639700008,-0.3538067497640685,-2.6031126981547072,0.0138864453001659,0.0771955148182453,0.0407395639700008,1.1124079321289406
868.7414952_791.565,0.0400936266050049,0.5129628433355417,2.2801511543997597,0.0294038072479343,0.1265798043722052,0.0400936266050049,0.8976355798586395
550.3885165_228.6655,-0.0399765442936555,-0.3831829374178087,-2.3370024369126265,0.0258589136840322,0.1155467915248529,0.0399765442936555,0.9372421094007753
854.7337681_730.987,-0.0398806983198046,-1.315023339548376,-1.8371291575088065,0.0754935669600079,0.2297347339386447,0.0398806983198046,0.6387733382072939
918.7551158_790.1785,0.0394025664453956,0.4750063449004067,2.4123812179841857,0.0217559764355792,0.1037818875913443,0.0394025664453956,0.9838784345945523
830.7338001_822.5795,0.0391965001883776,0.3318368176207899,2.3189336426956193,0.0269412654722073,0.118878333896115,0.0391965001883776,0.9248972902658188
753.5904341_512.467,-0.0391706790311231,-0.530611255998719,-2.5708776906301467,0.0149983841824649,0.0820841800993819,0.0391706790311231,1.0857405354209708
412.343155_120.181,-0.0391303346987069,-0.3413823750563037,-2.7864980385505347,0.0088844951484944,0.0594272960925605,0.0391303346987069,1.2260140294388282
812.5229267_488.123,-0.0390432746005575,-0.2940401861122134,-2.280859213617051,0.0293570877848206,0.1265798043722052,0.0390432746005575,0.8976355798586395
875.7107876_807.964,-0.0387301231634927,-0.1441851805289166,-2.1475202270148355,0.039428289100252,0.152947099476802,0.0387301231634927,0.8154587546594522
924.79297_822.29,0.038633708435305,0.240321120671233,2.454379217172658,0.0197362412562692,0.0995270451923292,0.038633708435305,1.002058889286523
755.6051996_541.691,-0.0385322646053771,-0.275059078042173,-2.416539614446505,0.0215479004590409,0.1037818875913443,0.0385322646053771,0.9838784345945523
862.6277939_576.911,-0.0384247199691818,-0.5532363377320937,-1.9183885889913297,0.0640209956258398,0.2048121344041696,0.0384247199691818,0.6886443165015915
810.6827724_670.195,-0.0383951729818847,-0.2342506141855351,-2.8035298564936957,0.008517585265997,0.058067340545077,0.0383951729818847,1.2360680639795296
840.7315773_733.097,-0.0383241516899864,-0.2547809236453128,-3.7437116217351423,0.0007153336520656,0.0082791075140707,0.0383241516899864,2.0820164775394203
356.1476042_43.5911,0.0380278922313581,0.2597863614137795,2.260415487734901,0.0307332520371775,0.1299262032230378,0.0380278922313581,0.8863032525639355
876.782931_826.4425,0.0377771678535614,0.1509447271530141,1.6713539309107093,0.1044046380687378,0.2895445483008886,0.0377771678535614,0.5382846077816539
678.6790077_766.261,-0.037093898318039,-0.2003260919976986,-2.7380342450297466,0.0100109789455762,0.0636734336538451,0.037093898318039,1.196041729738651
847.6685109_648.562,-0.0369893240280731,-0.2201854262508779,-2.492317485410241,0.0180606804445756,0.0944506695842254,0.0369893240280731,1.0247949589099243
845.6655441_772.553,0.0368212931936312,0.4557559779813474,2.4347250673649024,0.0206590951806978,0.1027135295603707,0.0368212931936312,0.9883723467979538
394.2964868_75.6872,-0.0365298130840776,-0.2283707245578243,-1.9719172214513612,0.0573152493326672,0.1908705944757693,0.0365298130840776,0.719260973861881
662.6472866_717.064,-0.0363897649904851,-0.4319700106808545,-3.6544273927172166,0.0009145456218203,0.0097828668031084,0.0363897649904851,2.0095338594937844
820.7398863_820.498,0.0363051204277997,0.6450806511488154,2.263561208395766,0.0305177905283569,0.1297925308013255,0.0363051204277997,0.8867502992544749
820.7321029_801.439,0.0361168412737039,0.7160554301342071,2.098196542267687,0.0438704701808694,0.1647476167430521,0.0361168412737039,0.7831808592397362
853.7308867_730.271,-0.0359382189640552,-1.4084886891381685,-1.790074017291017,0.0829089610983615,0.2441430621132923,0.0359382189640552,0.6123556126812081
396.3118614_82.6849,-0.0359250892267826,-0.3364191047572209,-1.9306341349368987,0.0624297762997022,0.2038771235178226,0.0359250892267826,0.6906315024580088
685.4375195_626.16,-0.0358663439379719,-0.1575484307156243,-2.550278669039691,0.0157513577641667,0.0848889968053567,0.0358663439379719,1.0711485987596163
454.3907494_230.656,-0.0358428750980901,-0.3197674325496601,-2.2360409983099885,0.0324496277008544,0.136365697361924,0.0358428750980901,0.8652948622308009
848.7617136_822.645,0.035700872237022,0.2612940057135625,2.09171753497432,0.0444857271560263,0.1658029625937755,0.035700872237022,0.7804077136733579
807.6382747_568.665,-0.0355950145525789,-0.4507337500942706,-2.8540177356977674,0.0075115884824381,0.0530318146860136,0.0355950145525789,1.2754635115833444
620.5997307_681.534,0.0355878211369743,0.1821421062991605,2.389696869322934,0.0229236181297774,0.1067959325713664,0.0355878211369743,0.9714452875270261
372.3120135_92.9146,-0.0354961082239265,-0.2627313796809266,-2.6936273875504924,0.0111587757868262,0.0673341513290539,0.0354961082239265,1.1717646092997247
853.7259643_839.8275,-0.0354645366236871,-0.2160351034197539,-1.6704705611604966,0.104580537984032,0.2895445483008886,0.0354645366236871,0.5382846077816539
811.666277_628.6765,-0.0350747668858673,-0.1418147344019255,-2.3883843444130575,0.0229928919983678,0.1067959325713664,0.0350747668858673,0.9714452875270261
937.8068653_794.2135,0.0347263022840365,0.3110091904452221,2.114249898490519,0.0423783258201632,0.159995176625857,0.0347263022840365,0.79589310982126
784.6415471_587.8365,-0.0346201824888346,-0.2503446148052729,-2.699996512096302,0.0109869490932352,0.0673341513290539,0.0346201824888346,1.1717646092997247
839.7010726_666.225,-0.0344356312696959,-0.1749809976828586,-2.428005276457627,0.0209835493582325,0.1035971038245609,0.0344356312696959,0.9846523856196775
829.7195397_804.925,0.0341513728576367,0.3964004362732855,2.051655106150585,0.0484620851053585,0.1743929898092751,0.0341513728576367,0.758470976676036
664.6541209_717.209,-0.0341344347950883,-0.5204417886425312,-2.8761351812364446,0.0071069865189158,0.0506821462864099,0.0341344347950883,1.2951450019060504
697.5270864_470.129,-0.0341171368851355,-0.1578952520425171,-2.435265441881573,0.0206332040457163,0.1027135295603707,0.0341171368851355,0.9883723467979538
887.7230414_592.861,0.033901600659215,0.0782513918798472,1.8091738312996275,0.0798275609123301,0.2384556931374098,0.033901600659215,0.6225923043114894
288.2174351_50.7878,-0.0338435536986629,-0.340477025873981,-1.887010974928956,0.0682591936776111,0.2132344722849269,0.0338435536986629,0.6711425842940903
936.8037155_794.316,0.0338041960301055,0.2921400056176558,2.0839655697810633,0.0452318738551449,0.1663213694881893,0.0338041960301055,0.7790519476862373
730.4657578_230.908,0.0337402345263982,0.3147631613154679,1.3378406240729608,0.1903789623195924,0.3920548805251364,0.0337402345263982,0.40665313542605097
930.8490445_822.762,0.03372182958782,0.2213677640235414,1.934301632856766,0.0619599263299856,0.203459106925441,0.03372182958782,0.6915228661500962
818.7255254_801.192,0.0336919034445741,0.7640109300118689,1.9240233272665113,0.063284496630043,0.204013034798221,0.0336919034445741,0.6903420837501215
314.2328644_54.365,-0.0336048094281145,-0.2698523749331582,-2.032632264089634,0.0504573288887459,0.1770433127459028,0.0336048094281145,0.7519204727036788
812.6715988_675.649,-0.0335183890603614,-2.711164652221816,-1.4751481905908166,0.1499448021531907,0.3500186263711424,0.0335183890603614,0.45590884389268765
867.7427712_852.171,-0.0334519345184744,-0.1583726033776689,-2.191270767466735,0.0358274907558574,0.145369014216295,0.0334519345184744,0.8375281546115829
464.3754286_356.453,0.0332767552529206,0.2978728539648426,1.4651227376861349,0.1526444766331069,0.3500186263711424,0.0332767552529206,0.45590884389268765
718.5761617_600.5995,-0.033123361403531,-0.1536610928904195,-2.5427164394200226,0.0160364150489983,0.0857705229135822,0.033123361403531,1.06666194216916
802.5377788_475.835,0.0330350729431625,0.2968319383530337,2.0892223667730696,0.0447246982028847,0.1658029625937755,0.0330350729431625,0.7804077136733579
751.5631412_257.7555,0.0329959743860993,0.1891835356041748,2.412936745828206,0.0217280736168229,0.1037818875913443,0.0329959743860993,0.9838784345945523
848.7677735_840.608,0.0329739133251612,0.237493128731849,2.040549456653757,0.0496183227176777,0.1763570589253289,0.0329739133251612,0.753607152435594
852.783528_841.154,0.0329609775123049,0.2575818553938531,2.078054076637212,0.0458082733086049,0.1675680878542751,0.0329609775123049,0.7758086861139143
866.7248523_780.593,0.0327206709774355,0.5139807593908275,2.168409606952474,0.0376706899196367,0.1494129611419298,0.0327206709774355,0.8256117270971625
846.7516969_822.584,0.0326268209162522,0.2598312420816133,1.924578610433016,0.0632123157221242,0.204013034798221,0.0326268209162522,0.6903420837501215
478.3911866_356.498,0.0325600165753346,0.285407762804004,1.423421980136852,0.1642914387679688,0.3602166328266645,0.0325600165753346,0.4434362377184165
386.3274685_103.553,-0.0325191462724889,-0.8182108279694631,-1.6922574170204885,0.1003135649341759,0.2810372096965405,0.0325191462724889,0.5512361751268303
832.6651652_671.068,-0.0324567822322415,-0.1865991188861148,-2.0878559746212932,0.0448560422881177,0.1658029625937755,0.0324567822322415,0.7804077136733579
711.571462_756.1955,-0.0323688861742378,-0.9342701533159716,-1.562292669822448,0.1280557123296953,0.3304037837881271,0.0323688861742378,0.48095498777751844
783.6388615_588.453,-0.0322947989883741,-0.2104960659718432,-2.553641290907813,0.015626109119019,0.0848617926002108,0.0322947989883741,1.0712877985397404
820.7043489_693.6825,0.0322183083016276,0.3808965879582256,1.7247532898630875,0.0942200541570403,0.2682232186889939,0.0322183083016276,0.571503630242639
805.6218443_528.253,-0.0321705717144074,-0.4336998980457759,-1.9176918258149065,0.0641125803163193,0.2048121344041696,0.0321705717144074,0.6886443165015915
730.5755448_553.716,0.0321202168447896,0.3493987258750944,1.8632474236620744,0.0716277064599191,0.2198659163508821,0.0321202168447896,0.6578420898206846
790.6949834_778.8765,0.0321144163100331,1.125284258193542,1.9721636151834816,0.0572858524763792,0.1908705944757693,0.0321144163100331,0.719260973861881
830.6993605_726.818,-0.0320323769395309,-0.2498295835086073,-2.7774663267618727,0.0090850085950967,0.059944075403162,0.0320323769395309,1.2222537341141362
812.5443255_521.191,-0.0320133491564002,-0.2298176861930171,-1.8386552788004469,0.0752628692837216,0.2297347339386447,0.0320133491564002,0.6387733382072939
866.7202933_732.119,-0.0319992101749292,-0.1992169970293396,-1.9816011549915815,0.0561697156185102,0.1897854387980315,0.0319992101749292,0.7217371116782512
768.7008378_796.165,0.0319044198128154,1.216248618237059,1.7895505887948604,0.0829948086504109,0.2441430621132923,0.0319044198128154,0.6123556126812081
380.278618_207.5955,-0.0318531548725479,-0.3237763910543563,-1.290527192647876,0.206114770561176,0.4142968327158623,0.0318531548725479,0.3826883868544496
424.3429853_132.3705,-0.0315537633279454,-0.1948236094103139,-1.4653912538680416,0.1525716684409315,0.3500186263711424,0.0315537633279454,0.45590884389268765
701.5508362_735.778,0.0315108377099989,0.3315440180173241,1.8256283258911024,0.0772516163790646,0.234075713148582,0.0315108377099989,0.6306436447943092
825.6209979_608.173,-0.0315021962579023,-0.2041212343511225,-2.049717744845438,0.0486620665615116,0.1743929898092751,0.0315021962579023,0.758470976676036
761.6558226_639.3635,-0.0314761384368748,-0.3466672445128312,-2.3028860546887406,0.0279367030114921,0.1217488415192189,0.0314761384368748,0.9145351625503244
828.6935415_653.0535,-0.0313954507563806,-0.1917356364192143,-2.270561294522157,0.0300431978872523,0.1285484709600011,0.0313954507563806,0.8909330847743953
492.4069356_356.442,0.0313916149169286,0.2895467312421336,1.3618092193218871,0.1827690456959811,0.3863321744352176,0.0313916149169286,0.4130391215269335
358.2961048_75.665,-0.0312818389361594,-0.6130739185874514,-2.1710784552957563,0.0374512397816167,0.1494129611419298,0.0312818389361594,0.8256117270971625
872.7672865_826.32,0.0312619554985394,0.1182337123541805,1.398545951927371,0.1715664881055659,0.3738454956868195,0.0312619554985394,0.42730784762434654
728.5253853_454.5825,0.0310825165159047,0.3998708468440901,2.9388346688717273,0.006068543931914,0.0450988633255928,0.0310825165159047,1.3458344039677983
902.8105236_782.274,0.0310450452578089,0.7419724927870667,1.593116552773122,0.1209652705949298,0.3222697397736622,0.0310450452578089,0.4917804716092658
910.785704_831.6365,0.0310257331456018,0.2749906623280763,2.039681417807871,0.049709709243825,0.1763570589253289,0.0310257331456018,0.753607152435594
847.6811039_787.4925,0.0308156827869068,0.2413339300272218,1.7250518089093645,0.0941655496050331,0.2682232186889939,0.0308156827869068,0.571503630242639
342.2647053_59.8543,-0.030636784671378,-0.2618564051350207,-1.7844832857188977,0.0838298037401788,0.2455761055625155,0.030636784671378,0.609813892120368
795.6498777_778.265,0.0305901621671642,0.588997060962635,1.6718417483258483,0.1043076075349729,0.2895445483008886,0.0305901621671642,0.5382846077816539
916.832366_822.7125,0.0303244412704267,0.1863287238769223,1.7012380424863272,0.098597495738036,0.2784393279642138,0.0303244412704267,0.5552694231147609
833.6682817_670.4695,-0.0303215271549475,-0.1815397469652631,-1.7385134494140435,0.09173505894151,0.2643467412763513,0.0303215271549475,0.5778260389733461
799.6805132_817.676,0.0303133253467806,0.4208271664634128,1.435683902714426,0.1607960631757982,0.3558684031414218,0.0303133253467806,0.44871057044093593
752.5250993_466.546,0.0300746521299457,0.3619473071813058,1.5419833199885922,0.1329098526151209,0.3312489623205567,0.0300746521299457,0.47984547353562507
302.233071_53.0555,-0.0299811685577536,-0.5535759359330212,-1.8728969190284537,0.0702430449305784,0.2179950084725857,0.0299811685577536,0.6615534505129665
720.5827322_600.076,-0.0298048691350154,-0.142862965136693,-2.173780279014997,0.0372302393526256,0.1494129611419298,0.0298048691350154,0.8256117270971625
900.8036706_782.084,0.0297257571816411,0.6195369411730003,1.5264335879872362,0.1367263776640794,0.3328580090718623,0.0297257571816411,0.47774098879833093
723.5418398_480.326,-0.0297102859674202,-0.0724786340835209,-1.5385884963846208,0.1337356250161748,0.3312489623205567,0.0297102859674202,0.47984547353562507
918.8128403_748.6705,-0.0296849789336502,-1.1211573104940311,-1.5367331854002029,0.1341886731213586,0.3312489623205567,0.0296849789336502,0.47984547353562507
780.7090126_806.3765,0.0296236097238092,1.066595962696435,1.5322029174219214,0.1353001426456609,0.3327959925847585,0.0296236097238092,0.47782191197507773
520.3327353_93.9669,0.0295062914247744,0.2577732423423187,1.5732878497681615,0.1254885772866626,0.3304037837881271,0.0295062914247744,0.48095498777751844
748.5512039_474.666,-0.0294792642702838,-0.2797290772714499,-2.1602070790738703,0.038352343153748,0.1512667836119895,0.0294792642702838,0.8202564274147597
743.6075932_562.171,-0.029465362601985,-0.2781162859848978,-2.5212070004276943,0.0168733665531238,0.0895683968910185,0.029465362601985,1.047845198785594
832.7289078_708.924,-0.0293601953895551,-0.3539724563693965,-1.5615511747817952,0.1282303636798114,0.3304037837881271,0.0293601953895551,0.48095498777751844
642.6112659_880.116,0.029297950892502,0.3649290182385196,1.5521958198354453,0.1304506193749182,0.3312489623205567,0.029297950892502,0.47984547353562507
494.3243592_106.26,-0.0290466295789626,-0.2382056168147593,-1.5198908321010298,0.1383584865550148,0.3356738539788331,0.0290466295789626,0.4740824851295116
316.2486932_57.47,-0.0289992354976439,-0.3055629457596958,-1.7532775003380492,0.0891303385058396,0.2589548106383654,0.0289992354976439,0.5867760166241122
953.8374534_837.671,0.0289858510224249,0.1428441295079322,1.6000750895285496,0.1194099081247878,0.3205452286543733,0.0289858510224249,0.49411068324600843
526.2939415_110.1715,-0.0287354896608675,-0.1848608974677482,-2.42140936622661,0.0213065369787233,0.1037818875913443,0.0287354896608675,0.9838784345945523
821.6653054_782.057,0.028701992869293,0.4267048435754539,1.388388599363141,0.1746087013638237,0.3769839240454422,0.028701992869293,0.42367716928284394
865.7164311_732.066,-0.0285223734446461,-0.1650839011012248,-1.86962865795879,0.070709429093799,0.2179950084725857,0.0285223734446461,0.6615534505129665
808.6391593_632.3215,0.0284660159813234,0.0646812214750035,1.5552668994828327,0.1297183570238063,0.3312489623205567,0.0284660159813234,0.47984547353562507
688.5235484_137.0885,-0.0283966284175282,-0.4987642936292194,-1.2171348372857744,0.2324532452102687,0.4394436209048558,0.0283966284175282,0.35709683549470844
1041.68904_130.6435,-0.0282388675135952,-0.3974133653885354,-1.4933752234318292,0.1451344219907564,0.3447696874936486,0.0282388675135952,0.46247092478741963
444.3178288_50.2219,0.0282188812357019,0.1188194376512528,1.367790022080113,0.1809074690282032,0.3847008226925044,0.0282188812357019,0.4148768849423841
826.6678318_661.7795,0.0279614403285944,0.224637057645925,1.870475175918663,0.0705883756104623,0.2179950084725857,0.0279614403285944,0.6615534505129665
863.7116769_816.368,-0.0278698596985515,-0.2065972665483725,-2.311911188615044,0.0273728586605309,0.120032535492763,0.0278698596985515,0.9207010200374248
942.7563928_782.55,0.0278138277070199,0.3882061655928289,1.5616685132214796,0.1282027129359833,0.3304037837881271,0.0278138277070199,0.48095498777751844
725.5512503_728.04,0.0278049802323454,0.3556982661742351,1.807785834541573,0.0800481576112834,0.2384556931374098,0.0278049802323454,0.6225923043114894
482.3251242_116.848,-0.027773078333304,-0.23074325458654,-1.7930802454305932,0.0824173673532291,0.2441430621132923,0.027773078333304,0.6123556126812081
939.8212397_811.779,0.0277371521493062,0.1480557572485349,1.461632388102614,0.1535934065235182,0.3500186263711424,0.0277371521493062,0.45590884389268765
436.3437225_356.441,0.027686352838603,0.3627817695325979,1.195136115109331,0.2408163596275783,0.4411351110699834,0.027686352838603,0.3554283742390578
836.6158268_587.7825,0.0275757924354774,0.1677844517057139,1.5714134932159218,0.125923205694329,0.3304037837881271,0.0275757924354774,0.48095498777751844
564.3775112_116.024,0.0275655887948103,0.1083014397207259,1.5622226250988405,0.1280722023379862,0.3304037837881271,0.0275655887948103,0.48095498777751844
572.3725768_149.4655,-0.0275636873815725,-0.190220312028799,-1.5592426601206073,0.128775352084074,0.3306014493503864,0.0275636873815725,0.48069524682175396
684.6163077_742.6375,0.0274837991939563,1.8224469454065584,1.2534199182857997,0.2191338408425426,0.4297458100967642,0.0274837991939563,0.3667883488718013
764.6779108_775.742,0.0274546880839308,1.2411190386519344,1.6217139584215372,0.1146778083158197,0.3113943564268028,0.0274546880839308,0.5066892626571335
864.7103347_764.968,0.0274051700797021,0.3947788477530939,1.3536918708662875,0.1853193879362048,0.3881104312447353,0.0274051700797021,0.41104468456957577
731.6081747_598.8025,-0.0272786905454782,-0.1807085993137701,-2.406524548118889,0.022052135580177,0.1044886424134563,0.0272786905454782,0.9809309134307223
816.7098738_782.374,0.0272722734695922,0.8097530104524681,1.3358259990842682,0.1910295735136641,0.3920548805251364,0.0272722734695922,0.40665313542605097
594.434725_76.0645,-0.0271384468749996,-0.0999075507638741,-1.463389473149984,0.1531151179374811,0.3500186263711424,0.0271384468749996,0.45590884389268765
682.5406239_589.621,-0.0270527105230219,-0.4341960809264631,-1.7092970948791475,0.0970784903627658,0.2752506594221391,0.0270527105230219,0.5602716319091507
733.61436_577.966,-0.0270311544858796,-0.11127237920208,-1.905052135673974,0.0657937496641171,0.2075266512156979,0.0270311544858796,0.6829261219269884
744.5897996_576.321,0.0270239562013409,0.2052482867739956,1.660329185016356,0.1066176363809697,0.2940314503318932,0.0270239562013409,0.5316062138902756
729.5839696_495.444,-0.0269758923022449,-0.202861726192604,-2.1691297687324584,0.0376113609356059,0.1494129611419298,0.0269758923022449,0.8256117270971625
793.63053_284.689,-0.0269084119363105,-0.2385274051020186,-1.0534862399800298,0.3000082205185495,0.4983665969084609,0.0269084119363105,0.30245107402240706
779.6070102_519.312,-0.0268796439033048,-0.6301278852891551,-2.216216452073265,0.033908493241453,0.1399964691723148,0.0268796439033048,0.8538829174525985
771.6410323_775.3575,0.0268261739185446,0.7717668502219686,1.3916652757200112,0.1736227327977863,0.3769839240454422,0.0268261739185446,0.42367716928284394
754.6940348_803.644,0.0264396252812714,1.424390683398702,1.2104965773308891,0.2349538258805428,0.4394436209048558,0.0264396252812714,0.35709683549470844
873.6958323_790.926,0.0262610506181933,0.1550163276114396,1.5404025308968543,0.1332938552463073,0.3312489623205567,0.0262610506181933,0.47984547353562507
888.7677982_730.2855,-0.0261848521732435,-0.8095516650158664,-1.3895429075654602,0.1742608658299348,0.3769839240454422,0.0261848521732435,0.42367716928284394
973.8060316_830.993,0.0261441049610433,0.3299112220749601,1.528437898942932,0.1362295210439025,0.3327959925847585,0.0261441049610433,0.47782191197507773
510.4541344_385.3675,-0.026025048968882,-0.161789677425857,-1.8157176508623245,0.078794498679261,0.2367187917768439,0.026025048968882,0.625767264499961
789.6090325_592.099,0.025938466916244,0.0667481071892849,1.747635340642311,0.0901182881438944,0.2607520960229076,0.025938466916244,0.5837721918658646
490.2876752_42.2178,0.0259380644047679,0.7654795492460218,1.0945419210595249,0.2818878938302276,0.4783962813561074,0.0259380644047679,0.32021220484071466
745.6127133_563.0705,-0.0258519796213811,-0.2324055386737618,-1.902497666684359,0.0661380970588272,0.2075266512156979,0.0258519796213811,0.6829261219269884
849.6873563_787.4335,0.0258170299854942,0.2390131523280771,1.3105791691355884,0.1993287956083109,0.4048671628770326,0.0258170299854942,0.3926874456559276
454.293706_152.275,-0.0257755086405693,-0.1970103019779874,-1.7354712775254064,0.0922796553774534,0.264835108522285,0.0257755086405693,0.5770244420918758
836.653427_727.328,-0.0257252130052414,-0.1635385778396303,-1.6459233223571734,0.1095678657479329,0.300991880225839,0.0257252130052414,0.5214452200894689
806.6086783_580.451,0.0256834166025191,0.210449949460919,1.9794240498896605,0.0564254963032775,0.1897854387980315,0.0256834166025191,0.7217371116782512
894.7620838_854.807,0.0256635799042485,0.2101701640273501,1.2137867412735932,0.2337119640316969,0.4394436209048558,0.0256635799042485,0.35709683549470844
769.5971228_666.526,0.0256142489467357,0.3031015364174769,1.5295345631450743,0.1359582830303924,0.3327959925847585,0.0256142489467357,0.47782191197507773
797.6553169_609.4555,-0.0255576739956876,-0.2153204464354884,-2.7145801960180367,0.0106027381360468,0.0662726487470386,0.0255576739956876,1.1786656714304127
664.604166_867.6945,0.0254283703552071,0.2311932506891913,1.2476160873323532,0.2212248932409166,0.4314496536687491,0.0254283703552071,0.36506987528951296
726.662707_782.084,0.0253916843517046,1.3608582067974089,1.2051918662619718,0.2369663662368643,0.4394436209048558,0.0253916843517046,0.35709683549470844
937.8218771_908.0125,-0.0253752618356102,-0.5197601963497728,-1.453816584790346,0.1557353429587931,0.3512752464182363,0.0253752618356102,0.45435245289153486
863.6930277_808.305,0.0252965205371261,0.195529467089249,1.255547018176103,0.2183712049593653,0.4295484027295803,0.0252965205371261,0.3669878915441097
836.763196_831.751,0.0252501732134112,0.3799170019128316,1.9033419662530349,0.0660241121729411,0.2075266512156979,0.0252501732134112,0.6829261219269884
518.3262631_93.9115,0.0252003475443012,0.2372066202920935,1.2859295403422093,0.2076952012297144,0.4142968327158623,0.0252003475443012,0.3826883868544496
510.3565262_151.1185,-0.0251827103269116,-0.3854179225620714,-1.3491065551402148,0.1867721583578244,0.3881104312447353,0.0251827103269116,0.41104468456957577
448.3432565_107.315,-0.0251148216973677,-0.2621744040853779,-1.6271237999793844,0.113519207096189,0.3094384564089169,0.0251148216973677,0.5094257140098436
756.5923438_666.819,-0.0251009384886097,-0.1544487488450936,-1.5952946499570166,0.1204766499798293,0.3221837685066648,0.0251009384886097,0.4918963429532835
899.7117573_794.253,0.0250201328331796,0.1653103967276236,1.4458351815020276,0.1579470947197827,0.3517686084295475,0.0250201328331796,0.4537429192677429
837.6824995_698.871,0.0249962717676408,0.0508337146430531,1.2581607853496652,0.2174368200607062,0.4295484027295803,0.0249962717676408,0.3669878915441097
508.3411755_126.072,-0.0249029420746019,-0.2876589666828451,-1.4902179387478165,0.1459586997184295,0.3447696874936486,0.0249029420746019,0.46247092478741963
788.6060826_592.1125,0.0248946663529662,0.0677227196851379,1.6957158412666211,0.0996497791258614,0.2802898169834986,0.0248946663529662,0.5523926800071374
902.699861_728.429,-0.0248666932319641,-0.1367274555304024,-1.541959659962966,0.1329155934498049,0.3312489623205567,0.0248666932319641,0.47984547353562507
640.6045627_880.515,0.0248418441472057,0.2426032171215277,1.3484918335098122,0.1869675893004778,0.3881104312447353,0.0248418441472057,0.41104468456957577
725.5473144_480.4045,-0.0247607464168466,-0.0621171176172987,-1.381061485858854,0.1768293029300022,0.3806142922822609,0.0247607464168466,0.41951490773901684
740.6431506_688.818,-0.0245656099065792,-0.3566689413468346,-1.2608021542950272,0.2164956303686978,0.4293424579783726,0.0245656099065792,0.3671961617093477
768.6687849_771.938,0.024457126756209,0.5863641315772732,1.148586505799507,0.2592401182877593,0.4587055727096693,0.024457126756209,0.33846598369108843
991.6727079_142.657,-0.0243854936827612,-0.109318681583624,-1.3658244968773494,0.1815176225505629,0.384839163725818,0.0243854936827612,0.4147207377658982
898.6700599_643.951,-0.0243711728367421,-0.1686824552832371,-2.3637659814833563,0.0243279874287743,0.1100997379789403,0.0243711728367421,0.9582137145835232
699.5436336_492.743,-0.0243522242320984,-0.1547793684625159,-2.147537402828925,0.0394268144936997,0.152947099476802,0.0243522242320984,0.8154587546594522
663.4559219_643.5285,-0.0242775331243445,-0.0688589762322226,-1.3098687754957374,0.1995662502566676,0.4048671628770326,0.0242775331243445,0.3926874456559276
808.7397475_828.9285,0.0242218796606917,0.5086075094035754,1.5370734083162976,0.1341055011910444,0.3312489623205567,0.0242218796606917,0.47984547353562507
809.6516331_594.616,-0.0242126909454005,-0.1259158530374947,-1.6006009785600233,0.1192930320723302,0.3205452286543733,0.0242126909454005,0.49411068324600843
825.6857115_648.455,-0.0242000013636151,-0.214636319153695,-2.641679803605979,0.0126563615951832,0.072059607146769,0.0242000013636151,1.1423081098856054
538.3896306_245.486,-0.0241583698750061,-0.5295826744744967,-1.2069692984382618,0.2362906139795774,0.4394436209048558,0.0241583698750061,0.35709683549470844
878.7064786_644.294,0.0239934951454694,0.0947066134780528,1.2339232504284825,0.2262175550899587,0.4386410232844614,0.0239934951454694,0.35789075397876885
874.788073_778.5815,0.0239058061059001,0.5856829935407959,1.498383066445482,0.1438346788531438,0.3447696874936486,0.0239058061059001,0.46247092478741963
612.549718_638.521,-0.023847118057512,-0.3273937257613664,-1.8179143636637891,0.0784502703427917,0.236691841290645,0.023847118057512,0.6258167118365263
604.4287836_52.6858,0.0238052017160837,0.1089601946414252,1.1909390200328227,0.2424368599081495,0.4411351110699834,0.0238052017160837,0.3554283742390578
1013.653685_143.9735,0.0237389511156772,0.0981321754202693,0.8651905425207735,0.3933743268924486,0.5946943785568924,0.0237389511156772,0.22570616671891758
788.5567106_564.007,-0.0236721818108453,-0.105510908310895,-1.9133622987344616,0.0646842092378005,0.2057074401886808,0.0236721818108453,0.6867500001163951
732.5559861_553.1575,0.0236524030549956,0.1577644340517898,1.4608119465294764,0.1538171424875742,0.3500186263711424,0.0236524030549956,0.45590884389268765
452.3748819_157.972,-0.023539677533978,-0.1942318491362391,-1.3790128089514355,0.1774541146416122,0.3807981912978062,0.023539677533978,0.41930512307970524
792.6731002_694.106,0.0234949154906788,0.2772442698299251,1.225498275675872,0.2293310317859153,0.4394436209048558,0.0234949154906788,0.35709683549470844
422.3219316_64.6423,-0.0233989643341384,-0.160825506696645,-0.9853511811533928,0.3318436814601253,0.5223612244921443,0.0233989643341384,0.2820290687431389
330.2646816_58.2923,-0.0233290879998793,-0.6073387949703185,-1.4963535690516845,0.1443602868680243,0.3447696874936486,0.0233290879998793,0.46247092478741963
566.5527263_637.0395,-0.0233022647595717,-0.1829337908539474,-1.9369092060853683,0.0616277319564136,0.2033139194449907,0.0233022647595717,0.6918328873176315
1001.658288_116.455,-0.023196144692754,-0.2469482696815763,-1.4474432361904013,0.1574994881162271,0.3517686084295475,0.023196144692754,0.4537429192677429
538.5198833_593.8975,-0.0231930765738115,-0.117734043913868,-1.4259101693662704,0.1635773495717435,0.3597682517060777,0.0231930765738115,0.4439771642734543
745.5984025_688.649,-0.0229619507869538,-0.2438158725350197,-1.2045054019756862,0.2372277319479317,0.4394436209048558,0.0229619507869538,0.35709683549470844
782.7234366_824.931,0.022750284376659,0.8938688908522381,1.0737641801905538,0.2909589608798063,0.4879264284587726,0.022750284376659,0.3116456577578717
896.6526002_644.912,-0.022714769592872,-0.1893250081802024,-1.9792009958744805,0.056451759415845,0.1897854387980315,0.022714769592872,0.7217371116782512
781.6206831_625.145,0.0226817881029921,0.0816799131335208,1.5526062031416457,0.1303525743495672,0.3312489623205567,0.0226817881029921,0.47984547353562507
803.7245916_586.1785,-0.0225775437057308,-0.1398079075160798,-1.236256839239282,0.2253607814236326,0.4383049908680017,0.0225775437057308,0.3582235841165346
743.6189014_771.594,0.0225446453010271,0.7772361891532668,1.101346151460167,0.2789614496459795,0.4781614437480825,0.0225446453010271,0.32042544587506305
843.7333857_731.325,-0.0225416628565401,-0.1160379593735047,-1.54707727030318,0.1316785377611971,0.3312489623205567,0.0225416628565401,0.47984547353562507
834.6386306_693.5275,-0.0223667836990158,-0.1260273313954502,-1.4030832731268574,0.1702210179742932,0.3720620392874644,0.0223667836990158,0.4293846378768194
835.6432415_693.6865,-0.0223573038560786,-0.1776192015872693,-1.3469500745628755,0.1874584377541852,0.3881104312447353,0.0223573038560786,0.41104468456957577
914.7799709_788.272,-0.0223556056633661,-0.2469581156692143,-1.2553974789869862,0.218424754362492,0.4295484027295803,0.0223556056633661,0.3669878915441097
822.63911_616.671,-0.0223089882339346,-0.1073311865624809,-1.4905001531625572,0.1458848691146871,0.3447696874936486,0.0223089882339346,0.46247092478741963
794.6073425_609.0775,-0.0222915143011659,-0.1663768639086099,-2.0620182146675106,0.0474045952840933,0.1716289449772816,0.0222915143011659,0.7654094671642246
808.6241295_695.4175,-0.0222675004935306,-0.1435773634959101,-1.4710921045830574,0.151032404877948,0.3500186263711424,0.0222675004935306,0.45590884389268765
784.5869962_679.01,0.0221696065086219,0.1223567698300256,1.4932770462747622,0.1451599969024447,0.3447696874936486,0.0221696065086219,0.46247092478741963
648.658992_747.716,-0.0221496402757055,-0.257372216524187,-2.473132095183544,0.0188909998711751,0.0959499705687024,0.0221496402757055,1.0179551541421845
790.6227998_623.778,0.02213393618936,0.1072182203066922,1.2159450759451726,0.2328999584436445,0.4394436209048558,0.02213393618936,0.35709683549470844
740.5614755_520.404,0.0220635324331876,0.2935416770613234,1.2309273380512198,0.2273210656411377,0.4386410232844614,0.0220635324331876,0.35789075397876885
797.5887594_563.4095,-0.0219572109470712,-0.1540981454929273,-1.63002611516643,0.1129016216075787,0.3089478482750023,0.0219572109470712,0.5101148251639109
858.6389564_683.787,-0.0217833464269317,-0.1665283389716865,-2.7532744676229695,0.0096431219139628,0.0618913097387068,0.0217833464269317,1.208370326706532
820.5845003_551.3215,-0.0217756388950857,-0.1797672095218223,-1.4461442740386965,0.157860979675331,0.3517686084295475,0.0217756388950857,0.4537429192677429
844.6725221_673.101,0.0216852655414933,0.209161770678357,1.4576477618804045,0.1546824524473037,0.3500186263711424,0.0216852655414933,0.45590884389268765
850.6698703_655.64,-0.0216431385330119,-0.1081284542029179,-1.7808923563230497,0.0844258235570117,0.2463001298811995,0.0216431385330119,0.6085353591447645
428.375084_205.339,-0.0216257992552859,-0.1502006069372127,-1.2858134115650508,0.2077352390671604,0.4142968327158623,0.0216257992552859,0.3826883868544496
791.626079_623.8445,0.0215747108421958,0.1019583070140163,1.1857734853633104,0.2444422837078669,0.4436407514081081,0.0215747108421958,0.35296856780060404
596.3727284_134.4135,0.0215228023721912,0.3018438992379419,1.081661759871306,0.2874871156486409,0.4844054979664451,0.0215228023721912,0.3147909362908796
708.6020781_548.041,-0.0215068635025637,-0.1173929303707611,-1.4491687736384853,0.1570203001236663,0.3517686084295475,0.0215068635025637,0.4537429192677429
496.340407_130.533,-0.0214698013735903,-0.1194319975158488,-1.1011619450313503,0.2790403892694192,0.4781614437480825,0.0214698013735903,0.32042544587506305
756.5569213_390.9,-0.0214606477404095,-0.8283697094213405,-0.950394547936954,0.3490351704751697,0.5368601968528754,0.0214606477404095,0.2701387937047651
778.5412217_456.358,0.021436340981527,0.265680580307624,2.0346314976685655,0.0502442980478755,0.1770433127459028,0.021436340981527,0.7519204727036788
790.5366273_599.631,-0.0212960673108826,-0.1266270803961624,-1.4584874365457237,0.1544524498813314,0.3500186263711424,0.0212960673108826,0.45590884389268765
797.6652829_799.0655,0.0212959186620174,0.3269912042187658,1.0698898254657294,0.2926729183581936,0.4896376311869305,0.0212959186620174,0.3101252118004189
717.6035086_769.211,0.0212077323413487,0.9641807917250094,0.9554141182395436,0.3465307428495106,0.5353407099600754,0.0212077323413487,0.27136972945654486
450.3594556_124.11,-0.0208657139223305,-0.1633364551968997,-1.3475212756446333,0.1872764688937577,0.3881104312447353,0.0208657139223305,0.41104468456957577
716.579027_510.564,-0.020841616816482,-0.1496744583968152,-1.9688351937467643,0.0576840726338382,0.1911969731431446,0.020841616816482,0.7185189873613577
540.3683814_160.453,0.0207739972567084,0.1432267496699357,1.2098737672652442,0.2351894534086171,0.4394436209048558,0.0207739972567084,0.35709683549470844
715.5759442_510.456,-0.0207651080684306,-0.1560180501377399,-2.006085049694803,0.0533621081297917,0.1833649220164964,0.0207651080684306,0.7366837419033978
809.6275145_695.457,-0.0207221051818356,-0.1387097341507465,-1.2886338804740791,0.2067644801827239,0.4142968327158623,0.0207221051818356,0.3826883868544496
536.3736626_187.517,-0.0204662162902295,-0.1913175135104168,-1.193994166141533,0.241256473383691,0.4411351110699834,0.0204662162902295,0.3554283742390578
366.2648949_58.1689,-0.0204082294249563,-0.167168751404732,-1.0302677651255574,0.3106089001436898,0.5076154710681597,0.0204082294249563,0.2944651499793437
1039.671197_115.674,0.0202889569047529,0.2109011947078711,1.1417613401321396,0.2620252658996096,0.4613212910850983,0.0202889569047529,0.3359965011962158
666.6186283_883.697,-0.0202097688396224,-0.1188159910329355,-1.4317418175654475,0.1619133173241029,0.3572212563463021,0.0202097688396224,0.4470627064485536
502.2939684_117.471,-0.0201719410196454,-0.115689717490568,-1.1336586137887406,0.2653597810062494,0.464826858699393,0.0201719410196454,0.33270878541994486
706.5384955_532.05,0.0201468522201209,0.4721384151932528,1.2512361480583118,0.2199188769658342,0.4300906568916315,0.0201468522201209,0.3664399917739281
706.5942366_547.9315,-0.0200894120201413,-0.0753067517464936,-1.3757743753932112,0.1784452925220524,0.3817647773350576,0.0200894120201413,0.4182041432935116
798.6003117_575.526,-0.0200804767926661,-0.2431442512629701,-1.0426959579971815,0.3049028452836257,0.4999882502043856,0.0200804767926661,0.30104020152669614
849.7014717_719.179,-0.0200386337011453,-0.1297942940916866,-1.436569227877558,0.1605459877037947,0.3558684031414218,0.0200386337011453,0.44871057044093593
864.7678974_773.262,0.0198398854329958,0.7242804766900042,1.5092605358402322,0.1410437296601667,0.3410166888358825,0.0198398854329958,0.4672243667788207
968.7720817_792.322,0.0197929007925515,0.2497571814461502,1.1601539795965556,0.254568939686445,0.4538527056026015,0.0197929007925515,0.3430850712028718
776.581461_527.4145,-0.0197580970440331,-0.0767059405300714,-1.1141109942262968,0.2735299283297279,0.47331404264899,0.0197580970440331,0.32485061035453483
799.6613403_609.552,-0.0197240299656837,-0.1597069533462186,-2.071462095949952,0.0464586560579535,0.1690711916335834,0.0197240299656837,0.7719303863728103
880.7075768_690.8,-0.0195649282018217,-0.1026637916098829,-1.351187769795974,0.1861116764189883,0.3881104312447353,0.0195649282018217,0.41104468456957577
608.6000104_693.555,0.019552364919671,0.1565007586040934,2.1241037945120165,0.0414848392831733,0.1591755246408716,0.019552364919671,0.7981237100316719
976.8333814_833.6135,0.0195152116333647,0.1549965815950065,1.04197112153937,0.3052336201672665,0.4999882502043856,0.0195152116333647,0.30104020152669614
328.2487671_56.9309,-0.0194936932030309,-0.1987262934943988,-1.218853377486426,0.2318091189629207,0.4394436209048558,0.0194936932030309,0.35709683549470844
904.7163761_695.394,-0.0194304309893758,-0.1246620072418014,-1.136897429665073,0.264023255496477,0.4636826327873452,0.0194304309893758,0.33377917028032666
704.561263_654.5865,-0.0192979123753694,-0.1289290784475088,-1.1802683017160105,0.2465929682781299,0.4452548225175441,0.0192979123753694,0.3513913680322289
924.8020379_811.28,0.0190921245964573,0.1110088795425447,0.9820700885842728,0.3334325245545717,0.5223612244921443,0.0190921245964573,0.2820290687431389
800.6178597_613.595,0.0190502622603778,0.1397703064339676,1.30337498604104,0.2017468904484317,0.4081183514515554,0.0190502622603778,0.38921387630010645
1047.733978_218.1115,-0.0190347812668216,-0.1581411357084226,-1.0126082102026157,0.3188430476625199,0.5151102783746889,0.0190347812668216,0.28809978423536964
858.5889087_574.563,0.0189946764077756,0.0807381525745562,1.2882395926063843,0.206899979830586,0.4142968327158623,0.0189946764077756,0.3826883868544496
830.6079445_649.6655,-0.0189854602486488,-0.2603546864673852,-2.2193284407205587,0.0336756673425712,0.1398530655520899,0.0189854602486488,0.8543280095372517
614.5734484_699.4185,0.0189723504483788,0.0911210050636939,0.7455344758826019,0.4613901564810609,0.6585412898214763,0.0189723504483788,0.18141699005761489
940.7984666_789.235,-0.0188793829610407,-0.2150905268229223,-1.169275275243815,0.2509290457479717,0.4496342799443351,0.0188793829610407,0.34714058573272716
700.5710184_548.1315,-0.0188199716935862,-0.1221392647917237,-1.547155702864936,0.1316596515820328,0.3312489623205567,0.0188199716935862,0.47984547353562507
798.6576285_609.4555,-0.0186350894771402,-0.1537481882325874,-2.020025837949852,0.0518189633753181,0.1802176755811555,0.0186350894771402,0.7442026160711593
758.6258534_586.989,-0.0185266705433975,-0.0719736543979172,-1.4900052639333874,0.1460143577345622,0.3447696874936486,0.0185266705433975,0.46247092478741963
938.7829109_770.273,-0.0185052152594203,-0.1722391785101268,-1.17618477479462,0.2481972087526232,0.4470082382126326,0.0185052152594203,0.34968447289196075
484.4382546_383.5665,0.018452951434579,0.172411133958035,0.9156828435837384,0.366682508538673,0.5603416688924311,0.018452951434579,0.2515470807321956
771.6392994_610.047,-0.0183017461755378,-0.1353136763097675,-1.481894634110234,0.1481496714006873,0.3486455600296175,0.0183017461755378,0.45761586112567687
468.3105662_189.048,-0.0182472263282291,-0.1947287926826863,-1.462577736822937,0.1533359295535882,0.3500186263711424,0.0182472263282291,0.45590884389268765
538.4852052_462.7895,-0.0180311312458476,-0.113021841316769,-1.3703636288492749,0.1801109629411331,0.3841641686901511,0.0180311312458476,0.41548314459101887
740.5232242_553.876,-0.017999227262363,-0.1813805934702024,-1.605888933860887,0.1181230226321937,0.3195205133269302,0.017999227262363,0.4955012547553139
906.7703741_721.318,-0.0179231388948068,-0.8192227471236169,-0.9035115216061042,0.3730061162900965,0.5687739051853308,0.0179231388948068,0.2450603368457709
758.5695353_545.255,0.0178103966210546,0.0340320976825045,0.9821014019374914,0.3334173370498928,0.5223612244921443,0.0178103966210546,0.2820290687431389
760.5844451_581.259,0.0177933657990606,0.0441878248753051,1.2068972407341725,0.2363179814182226,0.4394436209048558,0.0177933657990606,0.35709683549470844
759.6294224_586.992,-0.0177778731272296,-0.074211524948436,-1.4788192086681546,0.1489658539226437,0.3494016374398222,0.0177778731272296,0.4566750640657012
753.5898222_577.4355,-0.0176820140412788,-0.0703524632948533,-1.0591707752866522,0.2974518177058091,0.4964562252962204,0.0176820140412788,0.30411903911305116
532.4743675_484.9185,0.0176612922957833,0.1412582339024227,1.046545556131147,0.3031502800134408,0.4999882502043856,0.0176612922957833,0.30104020152669614
912.7670689_789.44,-0.0176217533086377,-0.1890207991527247,-1.095039573033218,0.2816731211522896,0.4783962813561074,0.0176217533086377,0.32021220484071466
893.7578787_854.754,-0.0175609968747175,-0.0933199313237402,-0.952707930803159,0.3478794558067777,0.5362508641912337,0.0175609968747175,0.27063199492249823
598.3637556_108.965,0.0175289914334811,0.2755474359605813,0.6852200626418405,0.4981390681781517,0.6868870744800294,0.0175289914334811,0.16311465589728089
822.601387_566.35,0.0172601567158221,0.1375492283171783,0.972950161619522,0.3378757424807397,0.525419106148463,0.0172601567158221,0.2794941387368939
842.6642228_672.197,0.0172485626610523,0.1441137329901156,1.1536098717456191,0.2572039957971127,0.4562462840019136,0.0172485626610523,0.3408006597278761
642.6057028_730.2035,0.0171430138507933,0.0720743304368769,0.7399446570647514,0.4647279737112415,0.6600978861506587,0.0171430138507933,0.1803916579991714
890.7820692_749.974,-0.0170904347506591,-0.5135637609896679,-0.9854272728551828,0.3318068955579391,0.5223612244921443,0.0170904347506591,0.2820290687431389
580.4365349_394.79,0.0170751445901512,0.1329430551889535,1.145476701576504,0.2605064627904433,0.4597939068251325,0.0170751445901512,0.3374367882858699
875.702314699999_790.44,0.0170176634688564,0.0919245842905258,0.8282201197836854,0.4136805119980153,0.6140444651131997,0.0170176634688564,0.2118001789335945
768.5555437_599.4835,-0.0169641941193003,-0.1586955472371713,-1.46688609773222,0.1521668471863899,0.3500186263711424,0.0169641941193003,0.45590884389268765
769.6344047_775.199,0.0169344256457939,0.4316089938533109,0.8959392763214252,0.3769757642798998,0.5735881240982958,0.0169344256457939,0.24139984913239496
754.5398839_506.877,-0.0169209082867695,-0.2041820747207489,-1.1071107430242395,0.2764991337916021,0.4764769720088059,0.0169209082867695,0.3219580838423851
738.6264146_658.235,0.0168698975253821,0.2536453905703065,0.9910516574459456,0.3290954764404031,0.5223612244921443,0.0168698975253821,0.2820290687431389
632.460436_57.7559,-0.0167255130720876,-0.0742162453539481,-0.8089153664886749,0.4245375732193912,0.6255443691987388,0.0167255130720876,0.20374188083101347
714.6049707_820.3845,0.0167195473629352,0.1937870565954321,0.7580045175269889,0.4539947572726329,0.6514640216147944,0.0167195473629352,0.1861095640582595
927.7274633_795.91,0.0166129421591903,0.1790744790342182,0.7658338756308475,0.4493875188866835,0.6487780620268823,0.0166129421591903,0.18790384391057316
848.6526594_621.822,-0.0166034687076272,-0.0749840760160035,-1.1321316807149182,0.2659915735333637,0.464826858699393,0.0166034687076272,0.33270878541994486
766.5373856_605.647,0.0165857809862903,0.2502239564646185,1.12120242046875,0.2705453995524227,0.4692998822702958,0.0165857809862903,0.3285495547356564
812.6157424_604.53,0.0165593812073379,0.0983603018583056,1.228028847730871,0.2283925123347602,0.4393599828565143,0.0165593812073379,0.35717950138917237
776.5219674_486.2905,0.0163737266619073,0.1935966625374847,1.1967168910879542,0.2402080972179567,0.4411351110699834,0.0163737266619073,0.3554283742390578
780.5515003_505.925,0.0162054966073777,0.1801808781262699,1.2130622601120515,0.2339849979309205,0.4394436209048558,0.0162054966073777,0.35709683549470844
851.7013638_804.432,-0.0161543821548419,-0.0668105318978815,-0.7681936076744674,0.4480043837243441,0.6487780620268823,0.0161543821548419,0.18790384391057316
683.5130376_437.583,0.0160657767757699,0.1942576182451333,2.3737726247581747,0.0237770415083683,0.1090038396422599,0.0160657767757699,0.962558203838493
800.5224084_473.083,-0.0160514652496364,-0.1442979040073712,-0.9884088202540218,0.3303676644835811,0.5223612244921443,0.0160514652496364,0.2820290687431389
682.5650251_452.774,0.0159856819241701,0.1065194805035252,0.9997018366864132,0.3249548029164646,0.5202224282517551,0.0159856819241701,0.28381092808016234
658.54218_602.2905,-0.0159756798142861,-0.1758711214568354,-1.2124474890601062,0.2342168712060788,0.4394436209048558,0.0159756798142861,0.35709683549470844
782.6070981_593.63,0.0159525334616151,0.1412740244114499,1.0258570113483103,0.3126516137393059,0.5097737628174364,0.0159525334616151,0.29262252068478767
659.5149102_492.222,-0.0158865582620351,-0.0900164756664061,-1.1813477954529326,0.2461701564353028,0.4452548225175441,0.0158865582620351,0.3513913680322289
730.5392779_517.7635,0.0158602170891235,0.1584469068582382,1.3218354192241224,0.1955951076632076,0.3991044682376433,0.0158602170891235,0.3989134099757124
687.5449743_478.575,0.0157929423161163,0.1330489918362808,1.572121854470104,0.1257588057509289,0.3304037837881271,0.0157929423161163,0.48095498777751844
606.4527435_394.611,-0.015772851111861,-0.0850593624029817,-1.2030761020322929,0.2377726107445537,0.4394436209048558,0.015772851111861,0.35709683549470844
801.6773126_650.028,0.0157395159837606,0.0990555447956264,1.0967227165901765,0.2809475852742504,0.4783962813561074,0.0157395159837606,0.32021220484071466
894.6972971_702.531,0.0157118878043394,0.1145842405487942,1.1609986620220434,0.2542302573486357,0.4538527056026015,0.0157118878043394,0.3430850712028718
816.638822_630.274,0.0156139636146705,0.0944661048871382,1.0426516363437075,0.3049230640567908,0.4999882502043856,0.0156139636146705,0.30104020152669614
536.5063148_441.143,0.015503375715542,0.0870666671115904,1.0075857871164893,0.3212119644163116,0.5165732275123371,0.015503375715542,0.286868105799082
906.7332911_713.697,-0.0154665317561803,-0.1019644231517836,-1.0842496315038603,0.2863558582270958,0.4840318140681378,0.0154665317561803,0.31512609244615913
827.7016563_688.8825,-0.0154043783386397,-0.107011742955146,-1.1918907597089474,0.2420686903102838,0.4411351110699834,0.0154043783386397,0.3554283742390578
799.6044594_575.463,-0.0153943149311178,-0.1669330939451417,-0.870060754865824,0.3907472267757703,0.5919904336989139,0.0153943149311178,0.2276853112252929
824.6167707_608.341,-0.015317745197601,-0.1034713942147156,-0.9908960443224084,0.3291702919985584,0.5223612244921443,0.015317745197601,0.2820290687431389
910.7520667_770.288,-0.0153121263171432,-0.1463872102264383,-0.9978423139809068,0.3258419115058649,0.5204624197356124,0.0153121263171432,0.28361062348421834
660.5586368_634.633,-0.0153039352705532,-0.2319256670906575,-1.106621305062004,0.2767075899767853,0.4764769720088059,0.0153039352705532,0.3219580838423851
578.4211565_313.372,-0.0152972833194655,-0.1349154519166275,-1.0546286403931018,0.2994932412406584,0.4983665969084609,0.0152972833194655,0.30245107402240706
870.6375432_604.496,-0.0151286119060283,-0.1384441018926805,-1.3335289759443876,0.1917734730526059,0.3924407883337386,0.0151286119060283,0.40622586054877413
622.6157815_709.093,0.0148899866235532,0.0857258338870323,1.1945678210705606,0.241035309360141,0.4411351110699834,0.0148899866235532,0.3554283742390578
813.6177366_603.533,0.01488699467891,0.0940441886776414,1.0837368990868443,0.2865797426069145,0.4840318140681378,0.01488699467891,0.31512609244615913
548.3628121_130.707,-0.0146644825454723,-0.1105818486707574,-0.8139544460330629,0.421686872315769,0.6228262172697343,0.0146644825454723,0.2056331145112212
872.7041394_708.749,0.0146290453275908,0.1397721142552007,1.0987262873440466,0.2800856597623677,0.4783962813561074,0.0146290453275908,0.32021220484071466
763.5936638_581.2175,0.0145349899794565,0.0369646066686583,0.965582425210284,0.3414942613103352,0.5289094569544246,0.0145349899794565,0.2766186676824633
801.6215008_613.6315,0.014460431461318,0.1050561133957379,1.0460052036716896,0.303395856485669,0.4999882502043856,0.014460431461318,0.30104020152669614
692.5612531_560.8235,0.0144186081337068,0.0953806532031573,1.230720308136902,0.2273974709944941,0.4386410232844614,0.0144186081337068,0.35789075397876885
486.3653495_58.1087,-0.0143978378424736,-0.0712418160833411,-0.6223868583564118,0.5380975724129455,0.7127521315638641,0.0143978378424736,0.14706147521101065
770.5614728_599.491,-0.0143069796407536,-0.1317615237114634,-1.2735545576682703,0.2119947863326414,0.4216008990164642,0.0143069796407536,0.37509847171042143
624.5583481_652.042,-0.014230538908522,-0.2779568180510843,-0.9782798805581778,0.3352742928706033,0.5225246153789094,0.014230538908522,0.28189324575006913
636.4980272_534.04,0.0141039654737734,0.0589672632200988,1.125267186338197,0.2688452620222692,0.4686537160190668,0.0141039654737734,0.3291479350440375
804.6679544_602.9795,-0.0138590405492934,-0.0803039167196607,-1.1540532938294157,0.2570248231915026,0.4562462840019136,0.0138590405492934,0.3408006597278761
1043.703266_153.895,-0.013733276381974,-0.162313246198767,-0.7026393863553686,0.4873608447263892,0.6799935896775312,0.013733276381974,0.167495181383172
846.603204_490.694,0.0136450298442058,0.2534896547680143,0.8405357710461988,0.4068449093016327,0.6098354691442733,0.0136450298442058,0.2147873198760774
793.5583851_500.527,-0.0136437483071175,-0.135169996944074,-1.5819852770977014,0.1234878022389554,0.3277533397770771,0.0136437483071175,0.4844528741935901
792.5545769_500.4845,-0.0134922924900421,-0.1349071091494032,-1.5664929638786744,0.1270700305864267,0.3304037837881271,0.0134922924900421,0.48095498777751844
340.2490787_57.652,-0.0133505522136825,-0.1312709320680219,-0.8475794497431304,0.4029673394031257,0.6053083864225676,0.0133505522136825,0.21802330898549344
778.572783_666.731,-0.0133173287614005,-0.101262900175335,-0.7948782566074878,0.432540602139675,0.6322436130654463,0.0133173287614005,0.19911554921083077
937.7484067_744.936,0.0132975604455994,0.1619918837328195,0.7434086165067086,0.4626579033306689,0.6585412898214763,0.0132975604455994,0.18141699005761489
909.7399634_752.031,-0.0132536182157007,-0.2077438899702444,-1.0166460068912004,0.3169472555165319,0.5144017526314287,0.0132536182157007,0.28869756038542527
524.3712768_199.9315,-0.0130437246308509,-0.0977491669922713,-0.6744769009695148,0.5048520975797359,0.6907472497893286,0.0130437246308509,0.16068083555180054
794.5706565_520.159,-0.0130287406957203,-0.1106895073539797,-1.0022541588966485,0.323739868332662,0.5194553341883167,0.0130287406957203,0.28445178968428536
776.6182794_633.91,-0.012927519277668,-0.2416315975723222,-0.6746863527273751,0.5047207426467755,0.6907472497893286,0.012927519277668,0.16068083555180054
748.6170557_739.1175,0.0128655571937212,0.2337815446348225,0.9814707366058986,0.3337233104984641,0.5223612244921443,0.0128655571937212,0.2820290687431389
870.6946533_696.1235,-0.0128194373103085,-0.0707193122917719,-1.0236391431280882,0.3136822498938712,0.5102757336983251,0.0128194373103085,0.29219508416922946
727.5664956_745.3805,0.012749438263912,0.0737586276355073,0.7549736028120198,0.455785784947368,0.6527074323992734,0.012749438263912,0.18528144195146645
709.5287649_450.482,0.0126556879108429,0.1050226058655422,1.3546698105488038,0.1850106817280587,0.3881104312447353,0.0126556879108429,0.41104468456957577
478.2940108_122.1315,0.0126512368720021,0.1207234476760603,0.6319976814786152,0.5318780686888629,0.7083813850307423,0.0126512368720021,0.1497328597979564
787.6061437_619.38,0.0126355778433886,0.2745703499268803,0.5387083314307433,0.5938162581899542,0.7521319303743459,0.0126355778433886,0.12370597375926176
727.5639467_529.9385,-0.0124816291564298,-0.0544031753273828,-0.5119042786895985,0.6122328875105427,0.7638894269338361,0.0124816291564298,0.11696950104192298
634.6148525_698.949,0.0124736037831866,0.091043134093701,0.7384523260196354,0.4656214551034391,0.6600978861506587,0.0124736037831866,0.1803916579991714
866.6637427_667.6935,0.0124632861733245,0.0776388705648035,0.8283965883574005,0.4135820656461219,0.6140444651131997,0.0124632861733245,0.2118001789335945
880.5930461_472.482,-0.0124380902445836,-0.0937734723287752,-0.8604914888333576,0.3959196964078874,0.5959899907547302,0.0124380902445836,0.22476103387803636
842.592694_472.462,0.0123866752457423,0.1560493695044563,0.612742262367093,0.5443771540261093,0.7160436364818208,0.0123866752457423,0.14506051050526897
768.5459186_478.1925,0.0123506958318742,0.2962969144831238,0.5891524913878249,0.5598955701043687,0.7276126897877284,0.0123506958318742,0.1380997353139842
542.3921071_64.2162,-0.0123385413145619,-0.0613183199936934,-0.6855174311369447,0.497953962799579,0.6868870744800294,0.0123385413145619,0.16311465589728089
800.61753_568.139,0.0123342069524061,0.2722840155981388,1.0752243115863516,0.2903148581733978,0.4879264284587726,0.0123342069524061,0.3116456577578717
911.7552604_770.273,-0.0122317463305969,-0.1188077596669745,-0.8036504950973716,0.4275285783122852,0.6275159590196951,0.0122317463305969,0.20237522470579955
717.5913216_554.21,-0.0120267549734584,-0.0806457343989857,-1.2190708821079652,0.2317276907469426,0.4394436209048558,0.0120267549734584,0.35709683549470844
796.5769981_521.0365,-0.0119873401796985,-0.1190638762996677,-0.7172291522360834,0.4784358074058236,0.6716542599355295,0.0119873401796985,0.17285422641320802
846.6374765_604.0945,-0.0119724588412889,-0.0816060209049414,-1.043181698406036,0.3046813199652911,0.4999882502043856,0.0119724588412889,0.30104020152669614
522.3555159_141.056,0.0119125334213984,0.0566952806850844,0.717527965273897,0.4782539960680573,0.6716542599355295,0.0119125334213984,0.17285422641320802
719.5975006_554.305,-0.0119096519898076,-0.0791426782473832,-1.1213709642889984,0.2704747509880175,0.4692998822702958,0.0119096519898076,0.3285495547356564
773.5888271_569.403,-0.0119067032319066,-0.0931577882536083,-1.0106327680006215,0.3197733677862157,0.5154337846051789,0.0119067032319066,0.28782711860092425
610.5218322_673.833,0.011762614678325,0.122021311126033,0.5395047394476007,0.5932731403194254,0.7521319303743459,0.011762614678325,0.12370597375926176
530.3917734_56.2072,-0.0116133522824312,-0.0492748774471864,-0.5677980361687083,0.5741347301197768,0.7374438465512961,0.0116133522824312,0.13227104390760344
703.5751151_527.68,-0.0115597197062549,-0.0350323515373418,-0.8608120529648733,0.3957457236654557,0.5959899907547302,0.0115597197062549,0.22476103387803636
546.3559155_130.658,-0.0115497593826945,-0.0925292749724588,-0.6337175144524345,0.5307691405967827,0.7083813850307423,0.0115497593826945,0.1497328597979564
751.5662762_738.652,0.0114828105937544,0.1005923210634845,0.6809803804053116,0.5007823433842664,0.6878450086172998,0.0114828105937544,0.16250940985364465
752.5773496_535.192,-0.0113678719312799,-0.0567685646518455,-0.6316451300684982,0.532105541466908,0.7083813850307423,0.0113678719312799,0.1497328597979564
807.6539515_672.389,0.0112306888731013,0.0468293165078276,0.7335267550272491,0.4685775548695207,0.6621153132672113,0.0112306888731013,0.179066367728796
702.5101012_434.5945,0.0112240658943765,0.1914130186112217,0.5878723155721671,0.5607441162850906,0.7276126897877284,0.0112240658943765,0.1380997353139842
733.551558_570.166,-0.0111534891214841,-0.088081724161176,-0.6656612909519498,0.5103977654977605,0.6969841826719901,0.0111534891214841,0.15677707764979434
798.6847331_688.543,-0.0111440828029734,-0.0663940519307095,-0.980016509606615,0.334429565822166,0.5223612244921443,0.0111440828029734,0.2820290687431389
929.7573136_837.08,-0.0111405669436792,-0.0562842132886593,-0.6422705314957017,0.5252725652169438,0.7056801422881159,0.0111405669436792,0.15139210336228606
911.7244641_722.028,0.0111213528747348,0.1448993394599025,0.6542330452939465,0.5176363572690756,0.7007659891689454,0.0111213528747348,0.15442698428673024
903.7415381_831.629,0.0110596735808779,0.0591453593041372,0.5444669323015131,0.5898945070284003,0.7503883278595506,0.0110596735808779,0.12471392994031094
823.6041829_566.29,0.0110422390490338,0.0854782138921183,0.6415074859892869,0.5257616924129589,0.7056801422881159,0.0110422390490338,0.15139210336228606
824.6541533_643.805,-0.0109241702198209,-0.0597021420093499,-0.6979551551626755,0.4902461941468058,0.6826702427369722,0.0109241702198209,0.1657890274204599
534.4539724_400.559,0.0108998621169742,0.0463994320183239,0.4804030384961552,0.6342088326372908,0.7786981492903083,0.0108998621169742,0.1086308574779392
686.574541_637.248,-0.0108128774792866,-0.13940498530913,-0.7449464024483292,0.4617406479655931,0.6585412898214763,0.0108128774792866,0.18141699005761489
684.5576758_622.504,-0.0108117379154413,-0.131484641967018,-0.807572423453709,0.4252992878405023,0.6255443691987388,0.0108117379154413,0.20374188083101347
647.5156628_403.403,0.0107527365831017,0.1516395722250617,1.3374366818312458,0.1905092759165713,0.3920548805251364,0.0107527365831017,0.40665313542605097
764.5602322_531.346,0.0106704003572384,0.1068324406951935,0.7665493283621718,0.4489678951067615,0.6487780620268823,0.0106704003572384,0.18790384391057316
704.5607239_578.122,-0.0106268556071089,-0.0672365668870553,-0.7329570045930589,0.4689201935320193,0.6621153132672113,0.0106268556071089,0.179066367728796
669.4974586_403.3925,0.0106209007210897,0.1477692485022641,1.169954245890835,0.2506596283132521,0.4496342799443351,0.0106209007210897,0.34714058573272716
930.7774674_724.701,-0.0106056065702173,-0.2054344662786617,-0.5312106863739051,0.5989409902812244,0.7564442560617968,0.0106056065702173,0.1212230705181975
796.6411069_645.853,0.0105997678130932,0.0521244669408149,0.9236540371190292,0.3625792364660631,0.5564803064022622,0.0105997678130932,0.2545502005514919
750.5232186_52.9837,-0.0105870552526832,-0.1790731879898141,-0.4552939234580283,0.6519720688633146,0.7881717133861303,0.0105870552526832,0.1033791555408994
886.7515833_787.431,-0.0105608858099867,-0.1211004628354823,-0.6137922475943581,0.5436916635266672,0.7160436364818208,0.0105608858099867,0.14506051050526897
740.5249256_693.622,-0.010557893566688,-0.067109536322784,-0.7841470301041022,0.4387201140526556,0.6399512407462291,0.010557893566688,0.1938531145810371
837.6704952_658.35,0.0105368098081482,0.0244624476754144,0.4856241387627669,0.6305423063396469,0.7755450666825622,0.0105368098081482,0.11039296039985934
928.7098681_654.1885,0.0105304949072139,0.0726713853379904,0.6569124561074755,0.5159342517143786,0.7004799648275986,0.0105304949072139,0.15460428191889522
797.6458068_646.271,0.0104550792631906,0.056262659078866,0.6608168441940332,0.5134594293542947,0.6984631158461118,0.0104550792631906,0.1558565229892371
754.5769895_638.045,0.0103837353800568,0.0719422793351458,0.5264353655104231,0.6022158919849591,0.7578688408937274,0.0103837353800568,0.12040594820013964
748.5764803_558.7525,-0.0102402984772537,-0.0768874263289758,-0.715512227717566,0.4794812280559587,0.6716542599355295,0.0102402984772537,0.17285422641320802
838.6942596_758.069,0.0102331960431648,0.1938315950600803,0.7627413557879028,0.4512040063104804,0.6487780620268823,0.0102331960431648,0.18790384391057316
410.3257353_194.205,0.0102118971637962,0.0445360424162014,0.4710930914902504,0.6407701027811834,0.7806781383773641,0.0102118971637962,0.10752798217625296
682.5633198_548.443,-0.0101849236278352,-0.0600333616877749,-0.8265180853665762,0.4146307699480601,0.6140444651131997,0.0101849236278352,0.2118001789335945
885.7045373_558.6555,0.0101676147810554,0.055586435233123,0.5067052114821233,0.6158355254386114,0.7641122688218975,0.0101676147810554,0.11684282709479724
742.540444_492.1265,0.0100989250156615,0.1334263099952146,0.6349581546113411,0.5299699541209766,0.7083813850307423,0.0100989250156615,0.1497328597979564
748.5872299_596.952,-0.0100414093648153,-0.0736663947076936,-0.6810744051410246,0.5007236383317548,0.6878450086172998,0.0100414093648153,0.16250940985364465
634.5427943_611.255,-0.0098831701012837,-0.1061442120656476,-0.688681647882365,0.4959866836500268,0.686601173837096,0.0098831701012837,0.16329545842477836
794.6899417_690.327,0.0098264872231754,0.0916363373811153,0.5794863976264802,0.5663186794023423,0.7309341639086904,0.0098264872231754,0.1361217386902871
586.5415056_664.489,-0.0096453271251999,-0.1500466100080793,-0.5672598320012867,0.5744959144521429,0.7374438465512961,0.0096453271251999,0.13227104390760344
690.5434216_554.449,-0.0096348584604528,-0.0696079532623986,-0.8783486820428714,0.3863022680021513,0.5865148413107931,0.0096348584604528,0.2317209939187303
776.6559585_686.6185,-0.0095645550880294,-0.0567542252972551,-0.6254645728282746,0.5361017197607099,0.7114432596824458,0.0095645550880294,0.14785973084243217
468.4044148_242.331,0.0095593638803465,0.0491254413211905,0.4437981350475423,0.660175052300425,0.7889088765324229,0.0095593638803465,0.10297315737941114
775.5699627_487.5565,-0.0095451006771156,-0.0764051592354601,-0.7633755271506224,0.4508311517398352,0.6487780620268823,0.0095451006771156,0.18790384391057316
800.6732488_650.028,0.009446309868382,0.0618689146398365,0.6527312459318275,0.518591710314928,0.7007659891689454,0.009446309868382,0.15442698428673024
872.6545052_609.965,-0.0093461323360409,-0.0652697276867592,-0.9653302452182426,0.3416185727637643,0.5289094569544246,0.0093461323360409,0.2766186676824633
766.5374641_520.9375,-0.0092710572359208,-0.0511996935407657,-0.5377630451634985,0.5944612140919051,0.7521319303743459,0.0092710572359208,0.12370597375926176
928.7618851_731.221,-0.0092027351922897,-0.2043146444146577,-0.5266534624320036,0.6020661376500027,0.7578688408937274,0.0092027351922897,0.12040594820013964
902.7457749_708.7675,-0.0091521374690065,-0.1670871770497497,-0.5899243451131105,0.5593842732545486,0.7276126897877284,0.0091521374690065,0.1380997353139842
840.649806_644.0165,-0.0090893377077333,-0.0815561027687206,-0.5972570458658197,0.5545387635963959,0.7267191847833924,0.0090893377077333,0.13863337464149164
664.579875_651.948,0.0088922645203837,0.1169411738467345,0.5181276761001756,0.607933335743728,0.7637027313791317,0.0088922645203837,0.1170756561425059
779.6068071_587.12,-0.0088804371870929,-0.0549517978782348,-0.5074774536046032,0.6152997919763614,0.7641122688218975,0.0088804371870929,0.11684282709479724
900.685166_649.9875,-0.0088631444190094,-0.0692768332712525,-0.980811986211659,0.3340431122078462,0.5223612244921443,0.0088631444190094,0.2820290687431389
789.6752657_662.489,0.0087812954155541,0.0351413856961806,0.6518972172072833,0.5191226803616975,0.7007659891689454,0.0087812954155541,0.15442698428673024
544.3328817_90.3912,0.0087128934348123,0.1149816872108035,0.557841451695311,0.5808346753167146,0.7442273698250463,0.0087128934348123,0.12829436233730857
796.6681245_678.891,0.0087095551671635,0.0777057436315348,0.8001067669807495,0.4295490116683051,0.6291734486261897,0.0087095551671635,0.20122961306470463
804.5540688_480.519,-0.008564243319721,-0.0698611290539816,-0.7644180782530348,0.4502185917112045,0.6487780620268823,0.008564243319721,0.18790384391057316
692.5250086_494.235,-0.0085411220420285,-0.3957674747271416,-0.4702718392423777,0.6413503119814039,0.7806781383773641,0.0085411220420285,0.10752798217625296
662.6473792_731.0245,-0.0085376347785961,-0.0562107051627053,-0.8340539331266322,0.4104337114604354,0.6126135312707556,0.0085376347785961,0.21281341482405636
846.7205586_689.8695,0.0084594247409024,0.0739393198573436,0.4413603524668633,0.6619201231587388,0.7893844711994419,0.0084594247409024,0.10271142131360628
770.5960162_569.703,-0.0083918765175186,-0.0367335175492008,-0.5100857122427329,0.6134919335290157,0.7638894269338361,0.0083918765175186,0.11696950104192298
891.7429402_835.59,-0.0083867659907403,-0.0574994768112749,-0.513689050324277,0.61099840372618,0.7638894269338361,0.0083867659907403,0.11696950104192298
500.2767397_122.901,0.00837829803617,0.0610713904314909,0.4124235091360823,0.6827791148963042,0.8020666474489031,0.00837829803617,0.09578954266759872
730.5762161_657.428,-0.0083122571958918,-0.0505132727355216,-0.4906531383785039,0.6270196685083536,0.7725582652127359,0.0083122571958918,0.11206875681426175
735.567899_424.287,-0.0081435420164683,-0.0679730340797602,-0.8377979152054653,0.4083583813710584,0.6108072399321339,0.0081435420164683,0.2140958238684971
766.6582412_690.717,0.0081408036831418,0.0864997519946059,0.4494940435546434,0.6561052260351359,0.7889088765324229,0.0081408036831418,0.10297315737941114
566.3944502_154.254,-0.0081228406300758,-0.040491019777739,-0.4310598937545781,0.6693147974610496,0.7955155673526954,0.0081228406300758,0.09935131727544845
762.6019136_619.832,0.0081207485129418,0.0407594650964521,0.6138422516405124,0.5436590292465027,0.7160436364818208,0.0081207485129418,0.14506051050526897
724.6253819_744.6065,0.0080050118649473,0.0735780232599799,0.375674837988685,0.7096375942173109,0.8222183538366489,0.0080050118649473,0.0850128329789087
750.6423582_745.3825,0.0079657509371971,0.0623501584037675,0.4052313803797572,0.6880039623153872,0.805523710438911,0.0079657509371971,0.09392167168023013
522.3208816_103.495,-0.0079198482885284,-0.2573712129389692,-0.3538308054821976,0.7257864437947665,0.8326802209486732,0.0079198482885284,0.07952175122361416
492.3104089_90.1129,0.0078905082266572,0.0609158416684001,0.5112586933883185,0.6126797078052564,0.7638894269338361,0.0078905082266572,0.11696950104192298
802.6341846_643.469,-0.0078381273673385,-0.0823796559634698,-0.5557260625831412,0.5822630788776002,0.7447060392891046,0.0078381273673385,0.12801512417556762
774.6585759_645.599,0.0077779493808016,0.069833644325605,0.7628291741828686,0.4511523634825436,0.6487780620268823,0.0077779493808016,0.18790384391057316
834.720906_711.8645,0.0077558761954387,0.0813428758506989,0.4451177638583101,0.6592312108497768,0.7889088765324229,0.0077558761954387,0.10297315737941114
618.4444263_54.7583,0.0077134752978795,0.0335309460936195,0.3755204849914687,0.7097512368110135,0.8222183538366489,0.0077134752978795,0.0850128329789087
750.5354515_566.429,-0.0076780552612507,-0.0453269345478338,-0.5803566311896697,0.5657388959774614,0.7309341639086904,0.0076780552612507,0.1361217386902871
748.6237816_649.223,-0.0076779582666345,-0.0421702386080144,-0.5520566884597239,0.5847448690445205,0.7465278074962595,0.0076779582666345,0.12695401055482164
714.5453346_607.8015,-0.0075957264132957,-0.0773717385457232,-0.5120678636164775,0.6121196916451781,0.7638894269338361,0.0075957264132957,0.11696950104192298
666.6051375_672.113,0.0075374493785831,0.0969158690008282,0.4526305532130194,0.653868681229913,0.7889088765324229,0.0075374493785831,0.10297315737941114
646.6140161_719.9505,-0.0074950456651419,-0.061228500500629,-0.4724892682082086,0.6397842409999033,0.7806781383773641,0.0074950456651419,0.10752798217625296
802.5971074_539.2305,0.0074843246802524,0.0501919349618734,0.6123407193260711,0.5446394232163425,0.7160436364818208,0.0074843246802524,0.14506051050526897
804.6954617_680.8055,-0.0074711483397264,-0.0443500863755467,-0.5888123820740924,0.560120943058267,0.7276126897877284,0.0074711483397264,0.1380997353139842
832.5860494_519.325,0.007471112830688,0.0455843028247374,0.4666495804427321,0.6439121483656893,0.7811030528284822,0.007471112830688,0.10729166481375178
746.5625128_520.778,-0.0074414709327536,-0.0611520671062569,-0.8260874657661356,0.4148714020665669,0.6140444651131997,0.0074414709327536,0.2118001789335945
849.6956689_804.199,0.0074393441888405,0.0266509438428781,0.3537183245629164,0.7258699376550156,0.8326802209486732,0.0074393441888405,0.07952175122361416
757.6421098_636.349,-0.0074350115932482,-0.0461711024280141,-1.014848320534963,0.3177903316777526,0.5145870967075535,0.0074350115932482,0.2885411079409956
664.5287212_508.918,-0.0073927593611568,-0.0771359637499173,-0.7097348060824221,0.4830086218325042,0.6752556178490059,0.0073927593611568,0.1705317939740186
888.7657598_805.91,-0.007337298668395,-0.0866951169679827,-0.3528276712348955,0.7265311842838281,0.8326802209486732,0.007337298668395,0.07952175122361416
695.5127117_414.538,0.0072341562144525,0.0586989970612525,0.6887911473119064,0.49591868273563,0.686601173837096,0.0072341562144525,0.16329545842477836
705.5810211_527.771,-0.0071920420127285,-0.0234578681696064,-0.5489953725841609,0.5868193321008845,0.747823914193546,0.0071920420127285,0.1262006509279427
794.6883621_704.328,-0.0071509060734301,-0.0318989551010171,-0.6492282355918678,0.5208238156670981,0.7017206371392581,0.0071509060734301,0.15383575097024568
782.5689562_539.109,-0.0071036834499423,-0.01716227106512,-0.4765826803964951,0.6368976630401044,0.7798601911104911,0.0071036834499423,0.1079832481704408
781.5948832_579.5545,-0.0070864270940241,-0.0726812665712421,-0.6305830947116475,0.5327910983729804,0.7083813850307423,0.0070864270940241,0.1497328597979564
925.7260328_804.173,-0.007051510696559,-0.0472603899659086,-0.4434783063453349,0.660403889561844,0.7889088765324229,0.007051510696559,0.10297315737941114
780.6742582_688.649,-0.0070259943710561,-0.0386297975730241,-0.5914304072927,0.5583873006567212,0.7276126897877284,0.0070259943710561,0.1380997353139842
935.7331225_724.9775,0.0070074650504278,0.0914013363287424,0.3654482307747223,0.7171814579389818,0.8275061785820147,0.0070074650504278,0.08222875487664558
820.6125367_561.922,0.0069889629736112,0.0464191724066548,0.6947583694768128,0.4922208328152384,0.6840706849755085,0.0069889629736112,0.16489902034312034
934.808566_741.643,0.0069559354149734,0.0896584080663246,0.446300770908557,0.6583855685569704,0.7889088765324229,0.0069559354149734,0.10297315737941114
795.6364676_645.7765,0.0069446516376682,0.0290278719632021,0.5864554624190621,0.5616840169041246,0.7276126897877284,0.0069446516376682,0.1380997353139842
728.5601943_628.896,-0.006850023448114,-0.0461612455264647,-0.4759201268254736,0.6373644904684892,0.7798601911104911,0.006850023448114,0.1079832481704408
918.8141248_769.6745,0.006827311711607,0.2224562526663054,0.4365379587583151,0.6653778666607596,0.7921699390598588,0.006827311711607,0.10118164204802181
773.653634_645.6435,0.0067585735873615,0.0604133659046737,0.6628020012870637,0.5122036109138599,0.698099902133562,0.0067585735873615,0.15608242287723026
632.526718_581.755,0.0067375244065056,0.0868469852803341,0.3406431865243862,0.7355985356631434,0.8376331712551278,0.0067375244065056,0.07694613241826975
804.5909433_567.142,-0.006656196241041,-0.0826394443171795,-0.716040269043775,0.4791595692534803,0.6716542599355295,0.006656196241041,0.17285422641320802
718.5394501_509.54,-0.0066267315130557,-0.0836030277000451,-0.5692457786022433,0.5731637216039582,0.7374438465512961,0.0066267315130557,0.13227104390760344
857.7580024_704.6315,-0.0064937195414987,-0.0266145954739314,-0.4228074771492465,0.6752635624169094,0.7972175168333413,0.0064937195414987,0.09842316734676003
702.5451656_619.138,-0.0064934264655597,-0.0356721446165175,-0.4244993625332032,0.6740422159796191,0.7972175168333413,0.0064934264655597,0.09842316734676003
812.6566069_768.946,0.0064783439547237,0.0801585709611832,0.3962841449158676,0.6945256516471314,0.8118130961305874,0.0064783439547237,0.09054394694411862
764.5234761_540.977,-0.0064568787971559,-0.0675451133477427,-0.9220615528408383,0.3633965718268612,0.556524901756538,0.0064568787971559,0.25451539834904235
862.7515907_752.621,0.006391669778431,0.1799500142907454,0.3033977796243129,0.763550596681828,0.858386498817469,0.006391669778431,0.06631712181468719
456.4067083_297.2885,-0.0061442748448005,-0.0445805271878188,-0.3877619541614703,0.700759635728738,0.8163965393143383,0.0061442748448005,0.08809884491612385
795.5736485_533.061,0.0058344108537303,0.0575487952254624,0.457114235474649,0.6506771607877393,0.7879555326177426,0.0058344108537303,0.10349829073843014
814.5619338_430.3165,-0.005753583310227,-0.0981485743637037,-0.2556051013316379,0.7998916567187914,0.8822291910071346,0.005753583310227,0.05441857647873777
786.5919643_557.264,-0.0057334166120396,-0.0373786860060058,-0.2990938022147718,0.7668024010548264,0.8589954605496689,0.0057334166120396,0.06600913123678895
746.5714948_635.1935,0.0057318330535296,0.0904041493822917,0.3781037667193364,0.7078501847319332,0.8222183538366489,0.0057318330535296,0.0850128329789087
468.3090585_97.7702,-0.0056902218125776,-0.0492406183070827,-0.3746187281381736,0.7104152915585776,0.8222183538366489,0.0056902218125776,0.0850128329789087
594.4523847_433.4165,0.0056667275725051,0.0369681970511621,0.3918213270683764,0.6977875381761679,0.8142776891774786,0.0056667275725051,0.08922746450699089
864.7671087_747.3125,0.0055973098708597,0.1922815512741031,0.3049443253685835,0.7623831904301004,0.858386498817469,0.0055973098708597,0.06631712181468719
376.3433825_339.39,-0.005509962168918,-0.0185458845323026,-0.2302686850917602,0.8193487383297384,0.8909986042474495,0.005509962168918,0.05012297628647602
868.671467_647.086,0.0054930997974792,0.0307216530132273,0.3293866382497973,0.7440098081304651,0.8458468994204643,0.0054930997974792,0.0727082383250512
848.6104746_499.8485,0.0054175795414598,0.0485057458973948,0.4205032689447966,0.6769283764541665,0.7978488043015718,0.0054175795414598,0.09807940147993768
815.691623_669.67,0.0054051133525489,0.0260410914877532,0.467287648527054,0.643460552926514,0.7811030528284822,0.0054051133525489,0.10729166481375178
962.8187101_813.888,0.0052696834973841,0.0527309739311445,0.2499975557271446,0.8041872484533498,0.8843554476761136,0.0052696834973841,0.05337314455984583
818.7098305_697.826,-0.005236898483176,-0.0235572192027207,-0.3644978874011024,0.7178839817590118,0.8275061785820147,0.005236898483176,0.08222875487664558
552.4054138_308.889,0.005178817815049,0.0354088985952683,0.3134839673676157,0.7559473234625536,0.8525540101670332,0.005178817815049,0.06927809846508028
698.5588434_532.4645,-0.0050327110931618,-0.0276874378765538,-0.4933469951581827,0.6251363666745076,0.7718909197432062,0.0050327110931618,0.1124440679294478
923.7121415_787.39,-0.0049086879118591,-0.0619417366876574,-0.2402150543719449,0.8116957850265814,0.8884608127577774,0.0049086879118591,0.05136172281464588
811.603842_564.8115,0.0049016788063314,0.0322939029761268,0.2754904973981498,0.7847106096916718,0.8697106600350397,0.0049016788063314,0.06062520674950698
831.5766677_494.414,0.0047962403820502,0.0343407588068563,0.3636642925653319,0.7185004071824008,0.8275061785820147,0.0047962403820502,0.08222875487664558
722.6108238_745.3665,0.0047644587411052,0.0435281119472229,0.2290022228616849,0.8203244939955272,0.8909986042474495,0.0047644587411052,0.05012297628647602
774.5922394_568.751,-0.0047475882918828,-0.0482984022337528,-0.4235427469217581,0.67473267201255,0.7972175168333413,0.0047475882918828,0.09842316734676003
872.6170103_518.404,0.0046731322706532,0.1011970627665306,0.2982352080529489,0.7674516159178413,0.8589954605496689,0.0046731322706532,0.06600913123678895
716.5243762_560.4265,-0.0045164448654649,-0.0611448971823193,-0.3468096256841703,0.7310047256241554,0.8337469083855472,0.0045164448654649,0.07896576347849674
775.6624754_645.427,0.0044638942175042,0.0366962541234175,0.4462125237924049,0.6584486339701869,0.7889088765324229,0.0044638942175042,0.10297315737941114
608.4665883_470.392,0.0044146865344145,0.0330310138894216,0.3185546726703309,0.7521341491385218,0.8509722905317251,0.0044146865344145,0.07008458123749625
818.5691406_507.811,-0.0044141787874079,-0.0558340495312361,-0.4255557287593054,0.6732800970010122,0.7972175168333413,0.0044141787874079,0.09842316734676003
699.5467575_434.578,0.0043866931135587,0.0330417987717491,0.3260972934090512,0.7464738238171041,0.8472837935930475,0.0043866931135587,0.07197110047429665
673.5315662_414.408,0.0043677563907948,0.0363262261506562,0.4153238564024872,0.6806765856809432,0.8009294491512432,0.0043677563907948,0.09640573759084736
738.5090408_521.095,-0.0043010724605758,-0.0911907406157494,-0.3468666044129104,0.7309623249713066,0.8337469083855472,0.0043010724605758,0.07896576347849674
852.685625_694.0055,-0.0042534074137821,-0.0198754625928022,-0.2928309756722172,0.7715418633441049,0.8605190450567742,0.0042534074137821,0.06523951339971555
914.8175701_827.1135,-0.0042226313441241,-0.0140203267289388,-0.152800698525774,0.8795148836422297,0.92677239977823,0.0042226313441241,0.03302690841950178
472.3490683_54.50435,-0.0041688950697775,-0.0181157133747472,-0.1997393273122457,0.8429483383336716,0.9044400104309608,0.0041688950697775,0.04362023367184112
806.6895674_711.4995,-0.0041300360407868,-0.0423007504985816,-0.2434305869961989,0.8092256701180637,0.8871324892909207,0.0041300360407868,0.05201151537557924
927.7424647_821.247,-0.0041201715418795,-0.0289043509331861,-0.2633590134429197,0.7939623251181362,0.8772103310381911,0.0041201715418795,0.05689626221287052
830.6503083_640.271,-0.0040772046955703,-0.0295584761019629,-0.2087043104436546,0.8360018975398493,0.8997215543645329,0.0040772046955703,0.04589187513107159
777.5886686_480.664,0.0040625086750141,0.0744986600131127,0.4929915561959653,0.6253847111800481,0.7718909197432062,0.0040625086750141,0.1124440679294478
792.5539452_587.8645,-0.0040349092007347,-0.0467120960164445,-0.5968333064267233,0.554818187816216,0.7267191847833924,0.0040349092007347,0.13863337464149164
756.6378033_636.0315,-0.0039598875432607,-0.027468984360543,-0.5011546301476633,0.6196924702886983,0.7675489193400369,0.0039598875432607,0.11489393543072428
839.6995252_710.956,-0.0039488504828547,-0.0250060414580968,-0.2779055688478623,0.7828725765919049,0.8690377972859824,0.0039488504828547,0.06096133425817627
656.5258255_571.761,-0.0038517045806989,-0.0582463467174813,-0.2541520793765273,0.8010041238464211,0.8822291910071346,0.0038517045806989,0.05441857647873777
770.5697553_533.9995,0.0037836130794631,0.032204038990197,0.3156881569927381,0.7542889995743981,0.8520448539192401,0.0037836130794631,0.06953754220879978
742.5382832_563.324,0.0037676931504739,0.0679428034693378,0.2682317904143082,0.7902425129891635,0.8744689877278204,0.0037676931504739,0.05825558778336019
852.5615128_472.146,0.0037606519408333,0.0344673070909525,0.2794805080466315,0.781674623892356,0.8690377972859824,0.0037606519408333,0.06096133425817627
827.7112866_838.195,0.0037468712670836,0.032294727949749,0.179480615382081,0.8586920039310119,0.9173062087963634,0.0037468712670836,0.037485666955856284
746.6267557_669.448,0.0036324380830826,0.0236092334513183,0.2369107227174078,0.8142361604974917,0.889861810079302,0.0036324380830826,0.05067743130987059
965.8371204_832.065,0.0036162735940697,0.0356137552255705,0.1792935251219828,0.858837682739938,0.9173062087963634,0.0036162735940697,0.037485666955856284
785.5772795_538.796,-0.0034837497368265,-0.0082602876547977,-0.2273555387518171,0.8215936300969253,0.8910063023785396,0.0034837497368265,0.05011922404556916
860.7364377_782.3595,-0.003350233143916,-0.0470602358782615,-0.2210570642815609,0.8264524904978716,0.8947544072308526,0.003350233143916,0.04829615375793478
636.6592813_742.5005,0.0033403575462457,0.0432011551966716,0.3198952313487882,0.7511271016774989,0.8509722905317251,0.0033403575462457,0.07008458123749625
825.6954493_819.668,-0.0032990325765963,-0.0234758124042371,-0.1658917729311757,0.8692858126805827,0.9242707586633908,0.0032990325765963,0.03420078660638802
973.8079524_798.111,0.0032777853324575,0.0255230970461944,0.1830927247917557,0.8558804100008842,0.9169219566929048,0.0032777853324575,0.03766762749247086
634.482822_467.858,-0.0032774227652075,-0.0213939827282622,-0.2301957126520824,0.8194049525747901,0.8909986042474495,0.0032774227652075,0.05012297628647602
638.5641729_642.732,-0.0032363395747412,-0.0389263893551537,-0.2452854780165061,0.8078016790963648,0.8869486554308453,0.0032363395747412,0.05210152031311098
856.7175194_722.199,-0.0032352438390588,-0.0263430140021002,-0.202186008317567,0.8410512529727677,0.9037780587500364,0.0032352438390588,0.043938206354510415
691.5674564_500.146,0.0031950507741165,0.0280928513708249,0.4073831755790764,0.6864391024485373,0.8050265885858262,0.0031950507741165,0.09418977542665209
773.6555123_703.076,-0.0031862508931163,-0.0193743306774581,-0.2978507138224237,0.7677424017094066,0.8589954605496689,0.0031862508931163,0.06600913123678895
677.5520657_470.4085,0.0031658691587917,0.0289322575927733,0.3509032623667005,0.7279606491091628,0.8329663181054602,0.0031658691587917,0.07937255940555503
594.5841673_675.5855,0.0031262734986816,0.0184549425430362,0.2946499251515327,0.7701644237875744,0.8603419037880182,0.0031262734986816,0.06532892384959699
932.7933777_744.825,-0.0030595091566083,-0.0532904011264541,-0.1604504788155411,0.873534841279594,0.9254242186173705,0.0030595091566083,0.03365913907617748
752.5593807_656.317,-0.0029449496300231,-0.0630919763716788,-0.1323690749659074,0.8955212126243606,0.93943235677979,0.0029449496300231,0.027134485531405277
700.5289852_586.349,0.0029255629100602,0.0185776448263874,0.1664803752172667,0.8688264161076009,0.9242707586633908,0.0029255629100602,0.03420078660638802
664.5904155_676.692,0.0028956971242054,0.0335434118888887,0.2181676551932455,0.8286838240935823,0.8947544072308526,0.0028956971242054,0.04829615375793478
636.5572354_642.4855,-0.0028626686898894,-0.037367593318875,-0.2116175765916287,0.833747430312298,0.8986651691610419,0.0028626686898894,0.046402090549597576
832.6225729_665.318,-0.0026434031170729,-0.0197558841044313,-0.1540919511112214,0.8785049609699417,0.92677239977823,0.0026434031170729,0.03302690841950178
512.4693562_464.421,-0.0024710820652831,-0.019768911269702,-0.1624144198672504,0.8720007802172076,0.9254242186173705,0.0024710820652831,0.03365913907617748
584.526305_630.365,0.0023682437107383,0.0466700199669446,0.1770967996959604,0.8605485497024914,0.9177451300452552,0.0023682437107383,0.037277911373236675
772.6241021_646.5965,-0.0023664805552891,-0.0178343904418391,-0.2179501940974842,0.8288518163299967,0.8947544072308526,0.0023664805552891,0.04829615375793478
884.7360819_769.922,-0.0023278792885736,-0.0286412029677607,-0.1559000656798257,0.8770911352548901,0.92677239977823,0.0023278792885736,0.03302690841950178
874.669764_644.4335,-0.0022630623691424,-0.0201918508297999,-0.1214605279187549,0.9040857981602406,0.9470097529690354,0.0022630623691424,0.02364554830525531
975.8219107_815.8735,0.0022121235263665,0.0161279160435002,0.1158865151473827,0.90846668494335,0.9474565852417718,0.0022121235263665,0.023440681330244854
720.5546966_552.491,-0.0021766732915024,-0.0171899798511408,-0.2872672502141209,0.7757597841780101,0.8638586871130522,0.0021766732915024,0.06355729505168463
768.5878272_569.877,0.002130123187919,0.0087269145937906,0.1343524854103506,0.8939653234976109,0.9391957118888592,0.002130123187919,0.027243898961939465
678.5090763_474.04,-0.0019822529334445,-0.0492379527912108,-0.1157877885327225,0.9085443056823328,0.9474565852417718,0.0019822529334445,0.023440681330244854
784.6683257_671.755,-0.0019243800022355,-0.0081565751925622,-0.1594672390661433,0.874303050733408,0.9254242186173705,0.0019243800022355,0.03365913907617748
815.6353597_630.5005,0.0018571081379566,0.0122940830089881,0.1089704167889371,0.9139064228748536,0.9474565852417718,0.0018571081379566,0.023440681330244854
689.5587355_500.066,0.00175711217566,0.0165021200843687,0.2332303303689478,0.8170680617929178,0.8909986042474495,0.00175711217566,0.05012297628647602
744.5557647_600.906,0.001732088933251,0.0413624801863195,0.1443348815507769,0.8861412313939089,0.9323632032251858,0.001732088933251,0.030414874739187713
645.4996059_341.049,-0.0016682116067947,-0.0232639753953107,-0.1037762171096768,0.9179946255033924,0.9502994217087904,0.0016682116067947,0.022139535018958104
286.2017794_49.92365,0.0016656448807016,0.0174044168329508,0.1091971271869578,0.9137280392515452,0.9474565852417718,0.0016656448807016,0.023440681330244854
778.5551595_57.8086,-0.0016025484238764,-0.0067318468971731,-0.0779402529925974,0.9383609022749256,0.9643126593975216,0.0016025484238764,0.015782131827802137
740.5208106_528.346,0.0015877637144687,0.0311137651789615,0.0811627618222482,0.9358180296675676,0.9640391570181224,0.0015877637144687,0.0159053257117665
765.6119651_619.842,-0.0014288255877897,-0.0076895676249251,-0.1096481655615174,0.9133731601237904,0.9474565852417718,0.0014288255877897,0.023440681330244854
892.7971398_768.872,0.0012179602662352,0.047586996623984,0.0713981825410285,0.9435252286627912,0.9668052415615828,0.0012179602662352,0.01466100371835786
540.4996811_532.3715,-0.0011679915225137,-0.0069792124534557,-0.1104725001950856,0.912724616533707,0.9474565852417718,0.0011679915225137,0.023440681330244854
826.7160578_719.0765,-0.0011354393768851,-0.0082244593360368,-0.1165335694611576,0.9079579812522816,0.9474565852417718,0.0011354393768851,0.023440681330244854
724.5281577_618.5725,-0.0011077694247521,-0.0050292457047774,-0.0632111822285496,0.949991544641133,0.9686681464083696,0.0011077694247521,0.013824981327000335
582.5104935_596.811,0.001107364046176,0.0193339565339128,0.0800078804344884,0.9367292658844644,0.9640391570181224,0.001107364046176,0.0159053257117665
640.5895837_702.33,-0.0010954642689204,-0.0177082809011223,-0.0687975963527545,0.9455788414263246,0.9675053073144712,0.0010954642689204,0.014346643951359421
744.5733937_499.7715,-0.0010283860276713,-0.006385929154205,-0.0856993924350167,0.9322393555374026,0.9636324817121612,0.0010283860276713,0.016088569414041257
790.6790785_662.489,-0.0009430219350296,-0.003881441769093,-0.0713985580437361,0.9435249321664754,0.9668052415615828,0.0009430219350296,0.01466100371835786
835.6855458_704.38,-0.0007518704062391,-0.0026213175851353,-0.0630784511794373,0.9500964088750804,0.9686681464083696,0.0007518704062391,0.013824981327000335
675.5424213_470.4,0.0007381549198093,0.0064994022186579,0.0809832229042864,0.9359596855348136,0.9640391570181224,0.0007381549198093,0.0159053257117665
662.574076_651.075,-0.0007296263181235,-0.0089267390698145,-0.0557906406222152,0.955855484518743,0.9709841324751548,0.0007296263181235,0.012787867141210572
772.5780375_533.274,0.0006850064318426,0.0071717857785512,0.0566653188038486,0.9551641503566792,0.9709841324751548,0.0006850064318426,0.012787867141210572
536.4698678_402.8675,-0.0006653618805378,-0.0047730518823381,-0.053129938039455,0.95795868052974,0.9717224546752822,0.0006653618805378,0.01245776142690386
704.5245007_485.0295,0.0006490603959144,0.0213873962140749,0.0442534613644315,0.964977368542284,0.9774376215076792,0.0006490603959144,0.009910949021022733
834.5977204_574.57,0.0006376571012776,0.0031364296364809,0.0621480718861169,0.9508314808229464,0.9686681464083696,0.0006376571012776,0.013824981327000335
808.5830043_541.228,0.00062696987474,0.0028538794360826,0.0356603893498798,0.9717746812606434,0.9829124999570404,0.00062696987474,0.007485141859839028
718.5385124_594.641,0.0003738751086785,0.0054319522457348,0.0300996859093822,0.97617449970564,0.984541709703117,0.0003738751086785,0.006765880429674211
876.6831242_659.349,-0.00035592345548,-0.0017536117793361,-0.0239045412369913,0.9810771978357096,0.9857420596685786,0.00035592345548,0.006236712561621944
661.5280898_538.445,-0.0003532757660605,-0.0016687855557801,-0.0253592395887972,0.979925907844548,0.9857420596685786,0.0003532757660605,0.006236712561621944
836.6069421_574.563,0.0003435778438062,0.0016307802556778,0.0301004899524046,0.9761738634610672,0.984541709703117,0.0003435778438062,0.006765880429674211
838.6323677_615.5415,0.000319715517751,0.0019107639127947,0.0194272993525007,0.9846208636204516,0.9874180819830098,0.000319715517751,0.00549892407462026
734.5688188_576.0085,0.0002968009471364,0.0011525922117307,0.0233029153427683,0.9815533540325933,0.9857420596685786,0.0002968009471364,0.006236712561621944
756.5915293_588.084,-0.0001794746984885,-0.0019245439951166,-0.016468459441493,0.9869629173704316,0.9883628647709573,0.0001794746984885,0.005083580477597831
814.7095212_704.4165,-8.94165201446273e-05,-0.0004811250989209,-0.0083532909420943,0.9933869761810996,0.9933869761810996,8.94165201446273e-05,0.0028815381295605753
